trial,C,penalty,solver,max_iter,class_weight,params,cv_accuracy_mean,cv_accuracy_std,cv_f1_mean,cv_roc_auc_mean,running_best_accuracy,running_best_f1,running_best_roc_auc,rank
5,0.01,l2,saga,1,None,"{'model__C': 0.01, 'model__class_weight': None, 'model__max_iter': 1, 'model__solver': 'saga', 'model__penalty': 'l2'}",0.8019501625135428,0.01873183089292499,0.7168721495594547,0.8512130183760277,0.8019501625135428,0.7191968112402896,0.8512130183760277,1
407,1.0,l2,liblinear,6,None,"{'model__C': 1.0, 'model__class_weight': None, 'model__max_iter': 6, 'model__solver': 'liblinear', 'model__penalty': 'l2'}",0.799162809021964,0.01215559147350018,0.7294347376648261,0.8564545137899369,0.8019501625135428,0.7294347376648261,0.8584704938623433,2
412,1.0,l2,liblinear,11,None,"{'model__C': 1.0, 'model__class_weight': None, 'model__max_iter': 11, 'model__solver': 'liblinear', 'model__penalty': 'l2'}",0.799162809021964,0.01215559147350018,0.7294347376648261,0.8564545137899369,0.8019501625135428,0.7294347376648261,0.8584704938623433,3
417,1.0,l2,liblinear,16,None,"{'model__C': 1.0, 'model__class_weight': None, 'model__max_iter': 16, 'model__solver': 'liblinear', 'model__penalty': 'l2'}",0.799162809021964,0.01215559147350018,0.7294347376648261,0.8564545137899369,0.8019501625135428,0.7294347376648261,0.8584704938623433,4
422,1.0,l2,liblinear,21,None,"{'model__C': 1.0, 'model__class_weight': None, 'model__max_iter': 21, 'model__solver': 'liblinear', 'model__penalty': 'l2'}",0.799162809021964,0.01215559147350018,0.7294347376648261,0.8564545137899369,0.8019501625135428,0.7294347376648261,0.8584704938623433,5
427,1.0,l2,liblinear,26,None,"{'model__C': 1.0, 'model__class_weight': None, 'model__max_iter': 26, 'model__solver': 'liblinear', 'model__penalty': 'l2'}",0.799162809021964,0.01215559147350018,0.7294347376648261,0.8564545137899369,0.8019501625135428,0.7294347376648261,0.8584704938623433,6
432,1.0,l2,liblinear,31,None,"{'model__C': 1.0, 'model__class_weight': None, 'model__max_iter': 31, 'model__solver': 'liblinear', 'model__penalty': 'l2'}",0.799162809021964,0.01215559147350018,0.7294347376648261,0.8564545137899369,0.8019501625135428,0.7294347376648261,0.8584704938623433,7
437,1.0,l2,liblinear,36,None,"{'model__C': 1.0, 'model__class_weight': None, 'model__max_iter': 36, 'model__solver': 'liblinear', 'model__penalty': 'l2'}",0.799162809021964,0.01215559147350018,0.7294347376648261,0.8564545137899369,0.8019501625135428,0.7294347376648261,0.8584704938623433,8
442,1.0,l2,liblinear,41,None,"{'model__C': 1.0, 'model__class_weight': None, 'model__max_iter': 41, 'model__solver': 'liblinear', 'model__penalty': 'l2'}",0.799162809021964,0.01215559147350018,0.7294347376648261,0.8564545137899369,0.8019501625135428,0.7294347376648261,0.8584704938623433,9
447,1.0,l2,liblinear,46,None,"{'model__C': 1.0, 'model__class_weight': None, 'model__max_iter': 46, 'model__solver': 'liblinear', 'model__penalty': 'l2'}",0.799162809021964,0.01215559147350018,0.7294347376648261,0.8564545137899369,0.8019501625135428,0.7294347376648261,0.8584704938623433,10
452,1.0,l2,liblinear,51,None,"{'model__C': 1.0, 'model__class_weight': None, 'model__max_iter': 51, 'model__solver': 'liblinear', 'model__penalty': 'l2'}",0.799162809021964,0.01215559147350018,0.7294347376648261,0.8564545137899369,0.8019501625135428,0.7294347376648261,0.8584704938623433,11
457,1.0,l2,liblinear,56,None,"{'model__C': 1.0, 'model__class_weight': None, 'model__max_iter': 56, 'model__solver': 'liblinear', 'model__penalty': 'l2'}",0.799162809021964,0.01215559147350018,0.7294347376648261,0.8564545137899369,0.8019501625135428,0.7294347376648261,0.8584704938623433,12
462,1.0,l2,liblinear,61,None,"{'model__C': 1.0, 'model__class_weight': None, 'model__max_iter': 61, 'model__solver': 'liblinear', 'model__penalty': 'l2'}",0.799162809021964,0.01215559147350018,0.7294347376648261,0.8564545137899369,0.8019501625135428,0.7294347376648261,0.8584704938623433,13
467,1.0,l2,liblinear,66,None,"{'model__C': 1.0, 'model__class_weight': None, 'model__max_iter': 66, 'model__solver': 'liblinear', 'model__penalty': 'l2'}",0.799162809021964,0.01215559147350018,0.7294347376648261,0.8564545137899369,0.8019501625135428,0.7294347376648261,0.8584704938623433,14
472,1.0,l2,liblinear,71,None,"{'model__C': 1.0, 'model__class_weight': None, 'model__max_iter': 71, 'model__solver': 'liblinear', 'model__penalty': 'l2'}",0.799162809021964,0.01215559147350018,0.7294347376648261,0.8564545137899369,0.8019501625135428,0.7294347376648261,0.8584704938623433,15
477,1.0,l2,liblinear,76,None,"{'model__C': 1.0, 'model__class_weight': None, 'model__max_iter': 76, 'model__solver': 'liblinear', 'model__penalty': 'l2'}",0.799162809021964,0.01215559147350018,0.7294347376648261,0.8564545137899369,0.8019501625135428,0.7294347376648261,0.8584704938623433,16
482,1.0,l2,liblinear,81,None,"{'model__C': 1.0, 'model__class_weight': None, 'model__max_iter': 81, 'model__solver': 'liblinear', 'model__penalty': 'l2'}",0.799162809021964,0.01215559147350018,0.7294347376648261,0.8564545137899369,0.8019501625135428,0.7294347376648261,0.8584704938623433,17
487,1.0,l2,liblinear,86,None,"{'model__C': 1.0, 'model__class_weight': None, 'model__max_iter': 86, 'model__solver': 'liblinear', 'model__penalty': 'l2'}",0.799162809021964,0.01215559147350018,0.7294347376648261,0.8564545137899369,0.8019501625135428,0.7294347376648261,0.8584704938623433,18
492,1.0,l2,liblinear,91,None,"{'model__C': 1.0, 'model__class_weight': None, 'model__max_iter': 91, 'model__solver': 'liblinear', 'model__penalty': 'l2'}",0.799162809021964,0.01215559147350018,0.7294347376648261,0.8564545137899369,0.8019501625135428,0.7294347376648261,0.8584704938623433,19
497,1.0,l2,liblinear,96,None,"{'model__C': 1.0, 'model__class_weight': None, 'model__max_iter': 96, 'model__solver': 'liblinear', 'model__penalty': 'l2'}",0.799162809021964,0.01215559147350018,0.7294347376648261,0.8564545137899369,0.8019501625135428,0.7294347376648261,0.8584704938623433,20
10,0.01,l2,saga,6,None,"{'model__C': 0.01, 'model__class_weight': None, 'model__max_iter': 6, 'model__solver': 'saga', 'model__penalty': 'l2'}",0.7991628090219639,0.019108627662246053,0.706697772409852,0.8521068838858806,0.8019501625135428,0.7258116259187966,0.8521068838858806,21
613,10.0,l2,lbfgs,11,None,"{'model__C': 10.0, 'model__class_weight': None, 'model__max_iter': 11, 'model__solver': 'lbfgs', 'model__penalty': 'l2'}",0.7977642076233626,0.013439723093283246,0.7268084750385635,0.8568922242276473,0.8019501625135428,0.7357042744602553,0.8587839470989941,22
618,10.0,l2,lbfgs,16,None,"{'model__C': 10.0, 'model__class_weight': None, 'model__max_iter': 16, 'model__solver': 'lbfgs', 'model__penalty': 'l2'}",0.7977642076233626,0.013439723093283246,0.7268084750385635,0.8568922242276473,0.8019501625135428,0.7357042744602553,0.8587839470989941,23
623,10.0,l2,lbfgs,21,None,"{'model__C': 10.0, 'model__class_weight': None, 'model__max_iter': 21, 'model__solver': 'lbfgs', 'model__penalty': 'l2'}",0.7977642076233626,0.013439723093283246,0.7268084750385635,0.8568922242276473,0.8019501625135428,0.7357042744602553,0.8587839470989941,24
628,10.0,l2,lbfgs,26,None,"{'model__C': 10.0, 'model__class_weight': None, 'model__max_iter': 26, 'model__solver': 'lbfgs', 'model__penalty': 'l2'}",0.7977642076233626,0.013439723093283246,0.7268084750385635,0.8568922242276473,0.8019501625135428,0.7357042744602553,0.8587839470989941,25
633,10.0,l2,lbfgs,31,None,"{'model__C': 10.0, 'model__class_weight': None, 'model__max_iter': 31, 'model__solver': 'lbfgs', 'model__penalty': 'l2'}",0.7977642076233626,0.013439723093283246,0.7268084750385635,0.8568922242276473,0.8019501625135428,0.7357042744602553,0.8587839470989941,26
638,10.0,l2,lbfgs,36,None,"{'model__C': 10.0, 'model__class_weight': None, 'model__max_iter': 36, 'model__solver': 'lbfgs', 'model__penalty': 'l2'}",0.7977642076233626,0.013439723093283246,0.7268084750385635,0.8568922242276473,0.8019501625135428,0.7357042744602553,0.8587839470989941,27
643,10.0,l2,lbfgs,41,None,"{'model__C': 10.0, 'model__class_weight': None, 'model__max_iter': 41, 'model__solver': 'lbfgs', 'model__penalty': 'l2'}",0.7977642076233626,0.013439723093283246,0.7268084750385635,0.8568922242276473,0.8019501625135428,0.7357042744602553,0.8587839470989941,28
648,10.0,l2,lbfgs,46,None,"{'model__C': 10.0, 'model__class_weight': None, 'model__max_iter': 46, 'model__solver': 'lbfgs', 'model__penalty': 'l2'}",0.7977642076233626,0.013439723093283246,0.7268084750385635,0.8568922242276473,0.8019501625135428,0.7357042744602553,0.8587839470989941,29
653,10.0,l2,lbfgs,51,None,"{'model__C': 10.0, 'model__class_weight': None, 'model__max_iter': 51, 'model__solver': 'lbfgs', 'model__penalty': 'l2'}",0.7977642076233626,0.013439723093283246,0.7268084750385635,0.8568922242276473,0.8019501625135428,0.7357042744602553,0.8587839470989941,30
658,10.0,l2,lbfgs,56,None,"{'model__C': 10.0, 'model__class_weight': None, 'model__max_iter': 56, 'model__solver': 'lbfgs', 'model__penalty': 'l2'}",0.7977642076233626,0.013439723093283246,0.7268084750385635,0.8568922242276473,0.8019501625135428,0.7357042744602553,0.8587839470989941,31
663,10.0,l2,lbfgs,61,None,"{'model__C': 10.0, 'model__class_weight': None, 'model__max_iter': 61, 'model__solver': 'lbfgs', 'model__penalty': 'l2'}",0.7977642076233626,0.013439723093283246,0.7268084750385635,0.8568922242276473,0.8019501625135428,0.7357042744602553,0.8587839470989941,32
668,10.0,l2,lbfgs,66,None,"{'model__C': 10.0, 'model__class_weight': None, 'model__max_iter': 66, 'model__solver': 'lbfgs', 'model__penalty': 'l2'}",0.7977642076233626,0.013439723093283246,0.7268084750385635,0.8568922242276473,0.8019501625135428,0.7357042744602553,0.8587839470989941,33
673,10.0,l2,lbfgs,71,None,"{'model__C': 10.0, 'model__class_weight': None, 'model__max_iter': 71, 'model__solver': 'lbfgs', 'model__penalty': 'l2'}",0.7977642076233626,0.013439723093283246,0.7268084750385635,0.8568922242276473,0.8019501625135428,0.7357042744602553,0.8587839470989941,34
678,10.0,l2,lbfgs,76,None,"{'model__C': 10.0, 'model__class_weight': None, 'model__max_iter': 76, 'model__solver': 'lbfgs', 'model__penalty': 'l2'}",0.7977642076233626,0.013439723093283246,0.7268084750385635,0.8568922242276473,0.8019501625135428,0.7357042744602553,0.8587839470989941,35
683,10.0,l2,lbfgs,81,None,"{'model__C': 10.0, 'model__class_weight': None, 'model__max_iter': 81, 'model__solver': 'lbfgs', 'model__penalty': 'l2'}",0.7977642076233626,0.013439723093283246,0.7268084750385635,0.8568922242276473,0.8019501625135428,0.7357042744602553,0.8587839470989941,36
688,10.0,l2,lbfgs,86,None,"{'model__C': 10.0, 'model__class_weight': None, 'model__max_iter': 86, 'model__solver': 'lbfgs', 'model__penalty': 'l2'}",0.7977642076233626,0.013439723093283246,0.7268084750385635,0.8568922242276473,0.8019501625135428,0.7357042744602553,0.8587839470989941,37
693,10.0,l2,lbfgs,91,None,"{'model__C': 10.0, 'model__class_weight': None, 'model__max_iter': 91, 'model__solver': 'lbfgs', 'model__penalty': 'l2'}",0.7977642076233626,0.013439723093283246,0.7268084750385635,0.8568922242276473,0.8019501625135428,0.7357042744602553,0.8587839470989941,38
698,10.0,l2,lbfgs,96,None,"{'model__C': 10.0, 'model__class_weight': None, 'model__max_iter': 96, 'model__solver': 'lbfgs', 'model__penalty': 'l2'}",0.7977642076233626,0.013439723093283246,0.7268084750385635,0.8568922242276473,0.8019501625135428,0.7357042744602553,0.8587839470989941,39
813,30.0,l2,lbfgs,11,None,"{'model__C': 30.0, 'model__class_weight': None, 'model__max_iter': 11, 'model__solver': 'lbfgs', 'model__penalty': 'l2'}",0.7977642076233626,0.013439723093283246,0.7268084750385635,0.8568910763855904,0.8019501625135428,0.7366068772542739,0.8588253617681516,40
818,30.0,l2,lbfgs,16,None,"{'model__C': 30.0, 'model__class_weight': None, 'model__max_iter': 16, 'model__solver': 'lbfgs', 'model__penalty': 'l2'}",0.7977642076233626,0.013439723093283246,0.7268084750385635,0.8568910763855904,0.8019501625135428,0.7366068772542739,0.8588253617681516,41
823,30.0,l2,lbfgs,21,None,"{'model__C': 30.0, 'model__class_weight': None, 'model__max_iter': 21, 'model__solver': 'lbfgs', 'model__penalty': 'l2'}",0.7977642076233626,0.013439723093283246,0.7268084750385635,0.8568910763855904,0.8019501625135428,0.7366068772542739,0.8588253617681516,42
828,30.0,l2,lbfgs,26,None,"{'model__C': 30.0, 'model__class_weight': None, 'model__max_iter': 26, 'model__solver': 'lbfgs', 'model__penalty': 'l2'}",0.7977642076233626,0.013439723093283246,0.7268084750385635,0.8568910763855904,0.8019501625135428,0.7366068772542739,0.8588253617681516,43
833,30.0,l2,lbfgs,31,None,"{'model__C': 30.0, 'model__class_weight': None, 'model__max_iter': 31, 'model__solver': 'lbfgs', 'model__penalty': 'l2'}",0.7977642076233626,0.013439723093283246,0.7268084750385635,0.8568910763855904,0.8019501625135428,0.7366068772542739,0.8588253617681516,44
838,30.0,l2,lbfgs,36,None,"{'model__C': 30.0, 'model__class_weight': None, 'model__max_iter': 36, 'model__solver': 'lbfgs', 'model__penalty': 'l2'}",0.7977642076233626,0.013439723093283246,0.7268084750385635,0.8568910763855904,0.8019501625135428,0.7366068772542739,0.8588253617681516,45
843,30.0,l2,lbfgs,41,None,"{'model__C': 30.0, 'model__class_weight': None, 'model__max_iter': 41, 'model__solver': 'lbfgs', 'model__penalty': 'l2'}",0.7977642076233626,0.013439723093283246,0.7268084750385635,0.8568910763855904,0.8019501625135428,0.7366068772542739,0.8588253617681516,46
848,30.0,l2,lbfgs,46,None,"{'model__C': 30.0, 'model__class_weight': None, 'model__max_iter': 46, 'model__solver': 'lbfgs', 'model__penalty': 'l2'}",0.7977642076233626,0.013439723093283246,0.7268084750385635,0.8568910763855904,0.8019501625135428,0.7366068772542739,0.8588253617681516,47
853,30.0,l2,lbfgs,51,None,"{'model__C': 30.0, 'model__class_weight': None, 'model__max_iter': 51, 'model__solver': 'lbfgs', 'model__penalty': 'l2'}",0.7977642076233626,0.013439723093283246,0.7268084750385635,0.8568910763855904,0.8019501625135428,0.7366068772542739,0.8588253617681516,48
858,30.0,l2,lbfgs,56,None,"{'model__C': 30.0, 'model__class_weight': None, 'model__max_iter': 56, 'model__solver': 'lbfgs', 'model__penalty': 'l2'}",0.7977642076233626,0.013439723093283246,0.7268084750385635,0.8568910763855904,0.8019501625135428,0.7366068772542739,0.8588253617681516,49
863,30.0,l2,lbfgs,61,None,"{'model__C': 30.0, 'model__class_weight': None, 'model__max_iter': 61, 'model__solver': 'lbfgs', 'model__penalty': 'l2'}",0.7977642076233626,0.013439723093283246,0.7268084750385635,0.8568910763855904,0.8019501625135428,0.7366068772542739,0.8588253617681516,50
868,30.0,l2,lbfgs,66,None,"{'model__C': 30.0, 'model__class_weight': None, 'model__max_iter': 66, 'model__solver': 'lbfgs', 'model__penalty': 'l2'}",0.7977642076233626,0.013439723093283246,0.7268084750385635,0.8568910763855904,0.8019501625135428,0.7366068772542739,0.8588253617681516,51
873,30.0,l2,lbfgs,71,None,"{'model__C': 30.0, 'model__class_weight': None, 'model__max_iter': 71, 'model__solver': 'lbfgs', 'model__penalty': 'l2'}",0.7977642076233626,0.013439723093283246,0.7268084750385635,0.8568910763855904,0.8019501625135428,0.7366068772542739,0.8588253617681516,52
878,30.0,l2,lbfgs,76,None,"{'model__C': 30.0, 'model__class_weight': None, 'model__max_iter': 76, 'model__solver': 'lbfgs', 'model__penalty': 'l2'}",0.7977642076233626,0.013439723093283246,0.7268084750385635,0.8568910763855904,0.8019501625135428,0.7366068772542739,0.8588253617681516,53
883,30.0,l2,lbfgs,81,None,"{'model__C': 30.0, 'model__class_weight': None, 'model__max_iter': 81, 'model__solver': 'lbfgs', 'model__penalty': 'l2'}",0.7977642076233626,0.013439723093283246,0.7268084750385635,0.8568910763855904,0.8019501625135428,0.7366068772542739,0.8588253617681516,54
888,30.0,l2,lbfgs,86,None,"{'model__C': 30.0, 'model__class_weight': None, 'model__max_iter': 86, 'model__solver': 'lbfgs', 'model__penalty': 'l2'}",0.7977642076233626,0.013439723093283246,0.7268084750385635,0.8568910763855904,0.8019501625135428,0.7366068772542739,0.8588253617681516,55
893,30.0,l2,lbfgs,91,None,"{'model__C': 30.0, 'model__class_weight': None, 'model__max_iter': 91, 'model__solver': 'lbfgs', 'model__penalty': 'l2'}",0.7977642076233626,0.013439723093283246,0.7268084750385635,0.8568910763855904,0.8019501625135428,0.7366068772542739,0.8588253617681516,56
898,30.0,l2,lbfgs,96,None,"{'model__C': 30.0, 'model__class_weight': None, 'model__max_iter': 96, 'model__solver': 'lbfgs', 'model__penalty': 'l2'}",0.7977642076233626,0.013439723093283246,0.7268084750385635,0.8568910763855904,0.8019501625135428,0.7366068772542739,0.8588253617681516,57
625,10.0,l2,saga,21,None,"{'model__C': 10.0, 'model__class_weight': None, 'model__max_iter': 21, 'model__solver': 'saga', 'model__penalty': 'l2'}",0.7977642076233626,0.013439723093283246,0.7268084750385635,0.856829092914516,0.8019501625135428,0.7357042744602553,0.8587839470989941,58
630,10.0,l2,saga,26,None,"{'model__C': 10.0, 'model__class_weight': None, 'model__max_iter': 26, 'model__solver': 'saga', 'model__penalty': 'l2'}",0.7977642076233626,0.013439723093283246,0.7268084750385635,0.856829092914516,0.8019501625135428,0.7357042744602553,0.8587839470989941,59
635,10.0,l2,saga,31,None,"{'model__C': 10.0, 'model__class_weight': None, 'model__max_iter': 31, 'model__solver': 'saga', 'model__penalty': 'l2'}",0.7977642076233626,0.013439723093283246,0.7268084750385635,0.856829092914516,0.8019501625135428,0.7357042744602553,0.8587839470989941,60
640,10.0,l2,saga,36,None,"{'model__C': 10.0, 'model__class_weight': None, 'model__max_iter': 36, 'model__solver': 'saga', 'model__penalty': 'l2'}",0.7977642076233626,0.013439723093283246,0.7268084750385635,0.856829092914516,0.8019501625135428,0.7357042744602553,0.8587839470989941,61
645,10.0,l2,saga,41,None,"{'model__C': 10.0, 'model__class_weight': None, 'model__max_iter': 41, 'model__solver': 'saga', 'model__penalty': 'l2'}",0.7977642076233626,0.013439723093283246,0.7268084750385635,0.856829092914516,0.8019501625135428,0.7357042744602553,0.8587839470989941,62
650,10.0,l2,saga,46,None,"{'model__C': 10.0, 'model__class_weight': None, 'model__max_iter': 46, 'model__solver': 'saga', 'model__penalty': 'l2'}",0.7977642076233626,0.013439723093283246,0.7268084750385635,0.856829092914516,0.8019501625135428,0.7357042744602553,0.8587839470989941,63
655,10.0,l2,saga,51,None,"{'model__C': 10.0, 'model__class_weight': None, 'model__max_iter': 51, 'model__solver': 'saga', 'model__penalty': 'l2'}",0.7977642076233626,0.013439723093283246,0.7268084750385635,0.856829092914516,0.8019501625135428,0.7357042744602553,0.8587839470989941,64
660,10.0,l2,saga,56,None,"{'model__C': 10.0, 'model__class_weight': None, 'model__max_iter': 56, 'model__solver': 'saga', 'model__penalty': 'l2'}",0.7977642076233626,0.013439723093283246,0.7268084750385635,0.856829092914516,0.8019501625135428,0.7357042744602553,0.8587839470989941,65
665,10.0,l2,saga,61,None,"{'model__C': 10.0, 'model__class_weight': None, 'model__max_iter': 61, 'model__solver': 'saga', 'model__penalty': 'l2'}",0.7977642076233626,0.013439723093283246,0.7268084750385635,0.856829092914516,0.8019501625135428,0.7357042744602553,0.8587839470989941,66
670,10.0,l2,saga,66,None,"{'model__C': 10.0, 'model__class_weight': None, 'model__max_iter': 66, 'model__solver': 'saga', 'model__penalty': 'l2'}",0.7977642076233626,0.013439723093283246,0.7268084750385635,0.856829092914516,0.8019501625135428,0.7357042744602553,0.8587839470989941,67
675,10.0,l2,saga,71,None,"{'model__C': 10.0, 'model__class_weight': None, 'model__max_iter': 71, 'model__solver': 'saga', 'model__penalty': 'l2'}",0.7977642076233626,0.013439723093283246,0.7268084750385635,0.856829092914516,0.8019501625135428,0.7357042744602553,0.8587839470989941,68
680,10.0,l2,saga,76,None,"{'model__C': 10.0, 'model__class_weight': None, 'model__max_iter': 76, 'model__solver': 'saga', 'model__penalty': 'l2'}",0.7977642076233626,0.013439723093283246,0.7268084750385635,0.856829092914516,0.8019501625135428,0.7357042744602553,0.8587839470989941,69
685,10.0,l2,saga,81,None,"{'model__C': 10.0, 'model__class_weight': None, 'model__max_iter': 81, 'model__solver': 'saga', 'model__penalty': 'l2'}",0.7977642076233626,0.013439723093283246,0.7268084750385635,0.856829092914516,0.8019501625135428,0.7357042744602553,0.8587839470989941,70
690,10.0,l2,saga,86,None,"{'model__C': 10.0, 'model__class_weight': None, 'model__max_iter': 86, 'model__solver': 'saga', 'model__penalty': 'l2'}",0.7977642076233626,0.013439723093283246,0.7268084750385635,0.856829092914516,0.8019501625135428,0.7357042744602553,0.8587839470989941,71
695,10.0,l2,saga,91,None,"{'model__C': 10.0, 'model__class_weight': None, 'model__max_iter': 91, 'model__solver': 'saga', 'model__penalty': 'l2'}",0.7977642076233626,0.013439723093283246,0.7268084750385635,0.856829092914516,0.8019501625135428,0.7357042744602553,0.8587839470989941,72
700,10.0,l2,saga,96,None,"{'model__C': 10.0, 'model__class_weight': None, 'model__max_iter': 96, 'model__solver': 'saga', 'model__penalty': 'l2'}",0.7977642076233626,0.013439723093283246,0.7268084750385635,0.856829092914516,0.8019501625135428,0.7357042744602553,0.8587839470989941,73
815,30.0,l2,saga,11,None,"{'model__C': 30.0, 'model__class_weight': None, 'model__max_iter': 11, 'model__solver': 'saga', 'model__penalty': 'l2'}",0.7977642076233626,0.013439723093283246,0.7268084750385635,0.856829092914516,0.8019501625135428,0.7366068772542739,0.8588253617681516,74
825,30.0,l2,saga,21,None,"{'model__C': 30.0, 'model__class_weight': None, 'model__max_iter': 21, 'model__solver': 'saga', 'model__penalty': 'l2'}",0.7977642076233626,0.013439723093283246,0.7268084750385635,0.856829092914516,0.8019501625135428,0.7366068772542739,0.8588253617681516,75
830,30.0,l2,saga,26,None,"{'model__C': 30.0, 'model__class_weight': None, 'model__max_iter': 26, 'model__solver': 'saga', 'model__penalty': 'l2'}",0.7977642076233626,0.013439723093283246,0.7268084750385635,0.856829092914516,0.8019501625135428,0.7366068772542739,0.8588253617681516,76
835,30.0,l2,saga,31,None,"{'model__C': 30.0, 'model__class_weight': None, 'model__max_iter': 31, 'model__solver': 'saga', 'model__penalty': 'l2'}",0.7977642076233626,0.013439723093283246,0.7268084750385635,0.856829092914516,0.8019501625135428,0.7366068772542739,0.8588253617681516,77
840,30.0,l2,saga,36,None,"{'model__C': 30.0, 'model__class_weight': None, 'model__max_iter': 36, 'model__solver': 'saga', 'model__penalty': 'l2'}",0.7977642076233626,0.013439723093283246,0.7268084750385635,0.856829092914516,0.8019501625135428,0.7366068772542739,0.8588253617681516,78
845,30.0,l2,saga,41,None,"{'model__C': 30.0, 'model__class_weight': None, 'model__max_iter': 41, 'model__solver': 'saga', 'model__penalty': 'l2'}",0.7977642076233626,0.013439723093283246,0.7268084750385635,0.856829092914516,0.8019501625135428,0.7366068772542739,0.8588253617681516,79
850,30.0,l2,saga,46,None,"{'model__C': 30.0, 'model__class_weight': None, 'model__max_iter': 46, 'model__solver': 'saga', 'model__penalty': 'l2'}",0.7977642076233626,0.013439723093283246,0.7268084750385635,0.856829092914516,0.8019501625135428,0.7366068772542739,0.8588253617681516,80
855,30.0,l2,saga,51,None,"{'model__C': 30.0, 'model__class_weight': None, 'model__max_iter': 51, 'model__solver': 'saga', 'model__penalty': 'l2'}",0.7977642076233626,0.013439723093283246,0.7268084750385635,0.856829092914516,0.8019501625135428,0.7366068772542739,0.8588253617681516,81
860,30.0,l2,saga,56,None,"{'model__C': 30.0, 'model__class_weight': None, 'model__max_iter': 56, 'model__solver': 'saga', 'model__penalty': 'l2'}",0.7977642076233626,0.013439723093283246,0.7268084750385635,0.856829092914516,0.8019501625135428,0.7366068772542739,0.8588253617681516,82
865,30.0,l2,saga,61,None,"{'model__C': 30.0, 'model__class_weight': None, 'model__max_iter': 61, 'model__solver': 'saga', 'model__penalty': 'l2'}",0.7977642076233626,0.013439723093283246,0.7268084750385635,0.856829092914516,0.8019501625135428,0.7366068772542739,0.8588253617681516,83
870,30.0,l2,saga,66,None,"{'model__C': 30.0, 'model__class_weight': None, 'model__max_iter': 66, 'model__solver': 'saga', 'model__penalty': 'l2'}",0.7977642076233626,0.013439723093283246,0.7268084750385635,0.856829092914516,0.8019501625135428,0.7366068772542739,0.8588253617681516,84
875,30.0,l2,saga,71,None,"{'model__C': 30.0, 'model__class_weight': None, 'model__max_iter': 71, 'model__solver': 'saga', 'model__penalty': 'l2'}",0.7977642076233626,0.013439723093283246,0.7268084750385635,0.856829092914516,0.8019501625135428,0.7366068772542739,0.8588253617681516,85
880,30.0,l2,saga,76,None,"{'model__C': 30.0, 'model__class_weight': None, 'model__max_iter': 76, 'model__solver': 'saga', 'model__penalty': 'l2'}",0.7977642076233626,0.013439723093283246,0.7268084750385635,0.856829092914516,0.8019501625135428,0.7366068772542739,0.8588253617681516,86
885,30.0,l2,saga,81,None,"{'model__C': 30.0, 'model__class_weight': None, 'model__max_iter': 81, 'model__solver': 'saga', 'model__penalty': 'l2'}",0.7977642076233626,0.013439723093283246,0.7268084750385635,0.856829092914516,0.8019501625135428,0.7366068772542739,0.8588253617681516,87
890,30.0,l2,saga,86,None,"{'model__C': 30.0, 'model__class_weight': None, 'model__max_iter': 86, 'model__solver': 'saga', 'model__penalty': 'l2'}",0.7977642076233626,0.013439723093283246,0.7268084750385635,0.856829092914516,0.8019501625135428,0.7366068772542739,0.8588253617681516,88
895,30.0,l2,saga,91,None,"{'model__C': 30.0, 'model__class_weight': None, 'model__max_iter': 91, 'model__solver': 'saga', 'model__penalty': 'l2'}",0.7977642076233626,0.013439723093283246,0.7268084750385635,0.856829092914516,0.8019501625135428,0.7366068772542739,0.8588253617681516,89
900,30.0,l2,saga,96,None,"{'model__C': 30.0, 'model__class_weight': None, 'model__max_iter': 96, 'model__solver': 'saga', 'model__penalty': 'l2'}",0.7977642076233626,0.013439723093283246,0.7268084750385635,0.856829092914516,0.8019501625135428,0.7366068772542739,0.8588253617681516,90
607,10.0,l2,liblinear,6,None,"{'model__C': 10.0, 'model__class_weight': None, 'model__max_iter': 6, 'model__solver': 'liblinear', 'model__penalty': 'l2'}",0.7977642076233626,0.013439723093283246,0.7268084750385635,0.8568084317574913,0.8019501625135428,0.7357042744602553,0.8587839470989941,91
612,10.0,l2,liblinear,11,None,"{'model__C': 10.0, 'model__class_weight': None, 'model__max_iter': 11, 'model__solver': 'liblinear', 'model__penalty': 'l2'}",0.7977642076233626,0.013439723093283246,0.7268084750385635,0.8568084317574913,0.8019501625135428,0.7357042744602553,0.8587839470989941,92
617,10.0,l2,liblinear,16,None,"{'model__C': 10.0, 'model__class_weight': None, 'model__max_iter': 16, 'model__solver': 'liblinear', 'model__penalty': 'l2'}",0.7977642076233626,0.013439723093283246,0.7268084750385635,0.8568084317574913,0.8019501625135428,0.7357042744602553,0.8587839470989941,93
622,10.0,l2,liblinear,21,None,"{'model__C': 10.0, 'model__class_weight': None, 'model__max_iter': 21, 'model__solver': 'liblinear', 'model__penalty': 'l2'}",0.7977642076233626,0.013439723093283246,0.7268084750385635,0.8568084317574913,0.8019501625135428,0.7357042744602553,0.8587839470989941,94
627,10.0,l2,liblinear,26,None,"{'model__C': 10.0, 'model__class_weight': None, 'model__max_iter': 26, 'model__solver': 'liblinear', 'model__penalty': 'l2'}",0.7977642076233626,0.013439723093283246,0.7268084750385635,0.8568084317574913,0.8019501625135428,0.7357042744602553,0.8587839470989941,95
632,10.0,l2,liblinear,31,None,"{'model__C': 10.0, 'model__class_weight': None, 'model__max_iter': 31, 'model__solver': 'liblinear', 'model__penalty': 'l2'}",0.7977642076233626,0.013439723093283246,0.7268084750385635,0.8568084317574913,0.8019501625135428,0.7357042744602553,0.8587839470989941,96
637,10.0,l2,liblinear,36,None,"{'model__C': 10.0, 'model__class_weight': None, 'model__max_iter': 36, 'model__solver': 'liblinear', 'model__penalty': 'l2'}",0.7977642076233626,0.013439723093283246,0.7268084750385635,0.8568084317574913,0.8019501625135428,0.7357042744602553,0.8587839470989941,97
642,10.0,l2,liblinear,41,None,"{'model__C': 10.0, 'model__class_weight': None, 'model__max_iter': 41, 'model__solver': 'liblinear', 'model__penalty': 'l2'}",0.7977642076233626,0.013439723093283246,0.7268084750385635,0.8568084317574913,0.8019501625135428,0.7357042744602553,0.8587839470989941,98
647,10.0,l2,liblinear,46,None,"{'model__C': 10.0, 'model__class_weight': None, 'model__max_iter': 46, 'model__solver': 'liblinear', 'model__penalty': 'l2'}",0.7977642076233626,0.013439723093283246,0.7268084750385635,0.8568084317574913,0.8019501625135428,0.7357042744602553,0.8587839470989941,99
652,10.0,l2,liblinear,51,None,"{'model__C': 10.0, 'model__class_weight': None, 'model__max_iter': 51, 'model__solver': 'liblinear', 'model__penalty': 'l2'}",0.7977642076233626,0.013439723093283246,0.7268084750385635,0.8568084317574913,0.8019501625135428,0.7357042744602553,0.8587839470989941,100
657,10.0,l2,liblinear,56,None,"{'model__C': 10.0, 'model__class_weight': None, 'model__max_iter': 56, 'model__solver': 'liblinear', 'model__penalty': 'l2'}",0.7977642076233626,0.013439723093283246,0.7268084750385635,0.8568084317574913,0.8019501625135428,0.7357042744602553,0.8587839470989941,101
662,10.0,l2,liblinear,61,None,"{'model__C': 10.0, 'model__class_weight': None, 'model__max_iter': 61, 'model__solver': 'liblinear', 'model__penalty': 'l2'}",0.7977642076233626,0.013439723093283246,0.7268084750385635,0.8568084317574913,0.8019501625135428,0.7357042744602553,0.8587839470989941,102
667,10.0,l2,liblinear,66,None,"{'model__C': 10.0, 'model__class_weight': None, 'model__max_iter': 66, 'model__solver': 'liblinear', 'model__penalty': 'l2'}",0.7977642076233626,0.013439723093283246,0.7268084750385635,0.8568084317574913,0.8019501625135428,0.7357042744602553,0.8587839470989941,103
672,10.0,l2,liblinear,71,None,"{'model__C': 10.0, 'model__class_weight': None, 'model__max_iter': 71, 'model__solver': 'liblinear', 'model__penalty': 'l2'}",0.7977642076233626,0.013439723093283246,0.7268084750385635,0.8568084317574913,0.8019501625135428,0.7357042744602553,0.8587839470989941,104
677,10.0,l2,liblinear,76,None,"{'model__C': 10.0, 'model__class_weight': None, 'model__max_iter': 76, 'model__solver': 'liblinear', 'model__penalty': 'l2'}",0.7977642076233626,0.013439723093283246,0.7268084750385635,0.8568084317574913,0.8019501625135428,0.7357042744602553,0.8587839470989941,105
682,10.0,l2,liblinear,81,None,"{'model__C': 10.0, 'model__class_weight': None, 'model__max_iter': 81, 'model__solver': 'liblinear', 'model__penalty': 'l2'}",0.7977642076233626,0.013439723093283246,0.7268084750385635,0.8568084317574913,0.8019501625135428,0.7357042744602553,0.8587839470989941,106
687,10.0,l2,liblinear,86,None,"{'model__C': 10.0, 'model__class_weight': None, 'model__max_iter': 86, 'model__solver': 'liblinear', 'model__penalty': 'l2'}",0.7977642076233626,0.013439723093283246,0.7268084750385635,0.8568084317574913,0.8019501625135428,0.7357042744602553,0.8587839470989941,107
692,10.0,l2,liblinear,91,None,"{'model__C': 10.0, 'model__class_weight': None, 'model__max_iter': 91, 'model__solver': 'liblinear', 'model__penalty': 'l2'}",0.7977642076233626,0.013439723093283246,0.7268084750385635,0.8568084317574913,0.8019501625135428,0.7357042744602553,0.8587839470989941,108
697,10.0,l2,liblinear,96,None,"{'model__C': 10.0, 'model__class_weight': None, 'model__max_iter': 96, 'model__solver': 'liblinear', 'model__penalty': 'l2'}",0.7977642076233626,0.013439723093283246,0.7268084750385635,0.8568084317574913,0.8019501625135428,0.7357042744602553,0.8587839470989941,109
615,10.0,l2,saga,11,None,"{'model__C': 10.0, 'model__class_weight': None, 'model__max_iter': 11, 'model__solver': 'saga', 'model__penalty': 'l2'}",0.7977642076233626,0.013439723093283246,0.7268084750385635,0.8568080491434722,0.8019501625135428,0.7357042744602553,0.8587839470989941,110
620,10.0,l2,saga,16,None,"{'model__C': 10.0, 'model__class_weight': None, 'model__max_iter': 16, 'model__solver': 'saga', 'model__penalty': 'l2'}",0.7977642076233626,0.013439723093283246,0.7268084750385635,0.8568080491434722,0.8019501625135428,0.7357042744602553,0.8587839470989941,111
820,30.0,l2,saga,16,None,"{'model__C': 30.0, 'model__class_weight': None, 'model__max_iter': 16, 'model__solver': 'saga', 'model__penalty': 'l2'}",0.7977642076233626,0.013439723093283246,0.7268084750385635,0.8568080491434722,0.8019501625135428,0.7366068772542739,0.8588253617681516,112
814,30.0,l1,saga,11,None,"{'model__C': 30.0, 'model__class_weight': None, 'model__max_iter': 11, 'model__solver': 'saga', 'model__penalty': 'l1'}",0.7977642076233626,0.013439723093283246,0.7268084750385635,0.8568077588845615,0.8019501625135428,0.7366068772542739,0.8588253617681516,113
609,10.0,l1,saga,6,None,"{'model__C': 10.0, 'model__class_weight': None, 'model__max_iter': 6, 'model__solver': 'saga', 'model__penalty': 'l1'}",0.7977642076233626,0.013439723093283246,0.7268084750385635,0.8567063661695323,0.8019501625135428,0.7357042744602553,0.8587839470989941,114
410,1.0,l2,saga,6,None,"{'model__C': 1.0, 'model__class_weight': None, 'model__max_iter': 6, 'model__solver': 'saga', 'model__penalty': 'l2'}",0.7977642076233626,0.013439723093283246,0.7268084750385635,0.8566814962582988,0.8019501625135428,0.7294347376648261,0.8584704938623433,115
810,30.0,l2,saga,6,None,"{'model__C': 30.0, 'model__class_weight': None, 'model__max_iter': 6, 'model__solver': 'saga', 'model__penalty': 'l2'}",0.7977642076233626,0.013439723093283246,0.7268084750385635,0.8564569018291589,0.8019501625135428,0.7366068772542739,0.8588253617681516,116
809,30.0,l1,saga,6,None,"{'model__C': 30.0, 'model__class_weight': None, 'model__max_iter': 6, 'model__solver': 'saga', 'model__penalty': 'l1'}",0.7977642076233626,0.013439723093283246,0.7268084750385635,0.8563953009721035,0.8019501625135428,0.7366068772542739,0.8588253617681516,117
610,10.0,l2,saga,6,None,"{'model__C': 10.0, 'model__class_weight': None, 'model__max_iter': 6, 'model__solver': 'saga', 'model__penalty': 'l2'}",0.7977642076233626,0.013439723093283246,0.7268084750385635,0.8563532134300159,0.8019501625135428,0.7357042744602553,0.8587839470989941,118
425,1.0,l2,saga,21,None,"{'model__C': 1.0, 'model__class_weight': None, 'model__max_iter': 21, 'model__solver': 'saga', 'model__penalty': 'l2'}",0.7977543583177387,0.014314751873939172,0.7271591371591372,0.856454421434829,0.8019501625135428,0.7294347376648261,0.8584704938623433,119
430,1.0,l2,saga,26,None,"{'model__C': 1.0, 'model__class_weight': None, 'model__max_iter': 26, 'model__solver': 'saga', 'model__penalty': 'l2'}",0.7977543583177387,0.014314751873939172,0.7271591371591372,0.856454421434829,0.8019501625135428,0.7294347376648261,0.8584704938623433,120
435,1.0,l2,saga,31,None,"{'model__C': 1.0, 'model__class_weight': None, 'model__max_iter': 31, 'model__solver': 'saga', 'model__penalty': 'l2'}",0.7977543583177387,0.014314751873939172,0.7271591371591372,0.856454421434829,0.8019501625135428,0.7294347376648261,0.8584704938623433,121
440,1.0,l2,saga,36,None,"{'model__C': 1.0, 'model__class_weight': None, 'model__max_iter': 36, 'model__solver': 'saga', 'model__penalty': 'l2'}",0.7977543583177387,0.014314751873939172,0.7271591371591372,0.856454421434829,0.8019501625135428,0.7294347376648261,0.8584704938623433,122
445,1.0,l2,saga,41,None,"{'model__C': 1.0, 'model__class_weight': None, 'model__max_iter': 41, 'model__solver': 'saga', 'model__penalty': 'l2'}",0.7977543583177387,0.014314751873939172,0.7271591371591372,0.856454421434829,0.8019501625135428,0.7294347376648261,0.8584704938623433,123
450,1.0,l2,saga,46,None,"{'model__C': 1.0, 'model__class_weight': None, 'model__max_iter': 46, 'model__solver': 'saga', 'model__penalty': 'l2'}",0.7977543583177387,0.014314751873939172,0.7271591371591372,0.856454421434829,0.8019501625135428,0.7294347376648261,0.8584704938623433,124
455,1.0,l2,saga,51,None,"{'model__C': 1.0, 'model__class_weight': None, 'model__max_iter': 51, 'model__solver': 'saga', 'model__penalty': 'l2'}",0.7977543583177387,0.014314751873939172,0.7271591371591372,0.856454421434829,0.8019501625135428,0.7294347376648261,0.8584704938623433,125
460,1.0,l2,saga,56,None,"{'model__C': 1.0, 'model__class_weight': None, 'model__max_iter': 56, 'model__solver': 'saga', 'model__penalty': 'l2'}",0.7977543583177387,0.014314751873939172,0.7271591371591372,0.856454421434829,0.8019501625135428,0.7294347376648261,0.8584704938623433,126
465,1.0,l2,saga,61,None,"{'model__C': 1.0, 'model__class_weight': None, 'model__max_iter': 61, 'model__solver': 'saga', 'model__penalty': 'l2'}",0.7977543583177387,0.014314751873939172,0.7271591371591372,0.856454421434829,0.8019501625135428,0.7294347376648261,0.8584704938623433,127
470,1.0,l2,saga,66,None,"{'model__C': 1.0, 'model__class_weight': None, 'model__max_iter': 66, 'model__solver': 'saga', 'model__penalty': 'l2'}",0.7977543583177387,0.014314751873939172,0.7271591371591372,0.856454421434829,0.8019501625135428,0.7294347376648261,0.8584704938623433,128
475,1.0,l2,saga,71,None,"{'model__C': 1.0, 'model__class_weight': None, 'model__max_iter': 71, 'model__solver': 'saga', 'model__penalty': 'l2'}",0.7977543583177387,0.014314751873939172,0.7271591371591372,0.856454421434829,0.8019501625135428,0.7294347376648261,0.8584704938623433,129
480,1.0,l2,saga,76,None,"{'model__C': 1.0, 'model__class_weight': None, 'model__max_iter': 76, 'model__solver': 'saga', 'model__penalty': 'l2'}",0.7977543583177387,0.014314751873939172,0.7271591371591372,0.856454421434829,0.8019501625135428,0.7294347376648261,0.8584704938623433,130
485,1.0,l2,saga,81,None,"{'model__C': 1.0, 'model__class_weight': None, 'model__max_iter': 81, 'model__solver': 'saga', 'model__penalty': 'l2'}",0.7977543583177387,0.014314751873939172,0.7271591371591372,0.856454421434829,0.8019501625135428,0.7294347376648261,0.8584704938623433,131
490,1.0,l2,saga,86,None,"{'model__C': 1.0, 'model__class_weight': None, 'model__max_iter': 86, 'model__solver': 'saga', 'model__penalty': 'l2'}",0.7977543583177387,0.014314751873939172,0.7271591371591372,0.856454421434829,0.8019501625135428,0.7294347376648261,0.8584704938623433,132
495,1.0,l2,saga,91,None,"{'model__C': 1.0, 'model__class_weight': None, 'model__max_iter': 91, 'model__solver': 'saga', 'model__penalty': 'l2'}",0.7977543583177387,0.014314751873939172,0.7271591371591372,0.856454421434829,0.8019501625135428,0.7294347376648261,0.8584704938623433,133
500,1.0,l2,saga,96,None,"{'model__C': 1.0, 'model__class_weight': None, 'model__max_iter': 96, 'model__solver': 'saga', 'model__penalty': 'l2'}",0.7977543583177387,0.014314751873939172,0.7271591371591372,0.856454421434829,0.8019501625135428,0.7294347376648261,0.8584704938623433,134
420,1.0,l2,saga,16,None,"{'model__C': 1.0, 'model__class_weight': None, 'model__max_iter': 16, 'model__solver': 'saga', 'model__penalty': 'l2'}",0.7977543583177387,0.014314751873939172,0.7271591371591372,0.8564341428918232,0.8019501625135428,0.7294347376648261,0.8584704938623433,135
415,1.0,l2,saga,11,None,"{'model__C': 1.0, 'model__class_weight': None, 'model__max_iter': 11, 'model__solver': 'saga', 'model__penalty': 'l2'}",0.7977543583177387,0.014314751873939172,0.7271591371591372,0.8564128088618684,0.8019501625135428,0.7294347376648261,0.8584704938623433,136
413,1.0,l2,lbfgs,11,None,"{'model__C': 1.0, 'model__class_weight': None, 'model__max_iter': 11, 'model__solver': 'lbfgs', 'model__penalty': 'l2'}",0.7977543583177387,0.014314751873939172,0.7271591371591372,0.856349967807648,0.8019501625135428,0.7294347376648261,0.8584704938623433,137
418,1.0,l2,lbfgs,16,None,"{'model__C': 1.0, 'model__class_weight': None, 'model__max_iter': 16, 'model__solver': 'lbfgs', 'model__penalty': 'l2'}",0.7977543583177387,0.014314751873939172,0.7271591371591372,0.856349967807648,0.8019501625135428,0.7294347376648261,0.8584704938623433,138
423,1.0,l2,lbfgs,21,None,"{'model__C': 1.0, 'model__class_weight': None, 'model__max_iter': 21, 'model__solver': 'lbfgs', 'model__penalty': 'l2'}",0.7977543583177387,0.014314751873939172,0.7271591371591372,0.856349967807648,0.8019501625135428,0.7294347376648261,0.8584704938623433,139
428,1.0,l2,lbfgs,26,None,"{'model__C': 1.0, 'model__class_weight': None, 'model__max_iter': 26, 'model__solver': 'lbfgs', 'model__penalty': 'l2'}",0.7977543583177387,0.014314751873939172,0.7271591371591372,0.856349967807648,0.8019501625135428,0.7294347376648261,0.8584704938623433,140
433,1.0,l2,lbfgs,31,None,"{'model__C': 1.0, 'model__class_weight': None, 'model__max_iter': 31, 'model__solver': 'lbfgs', 'model__penalty': 'l2'}",0.7977543583177387,0.014314751873939172,0.7271591371591372,0.856349967807648,0.8019501625135428,0.7294347376648261,0.8584704938623433,141
438,1.0,l2,lbfgs,36,None,"{'model__C': 1.0, 'model__class_weight': None, 'model__max_iter': 36, 'model__solver': 'lbfgs', 'model__penalty': 'l2'}",0.7977543583177387,0.014314751873939172,0.7271591371591372,0.856349967807648,0.8019501625135428,0.7294347376648261,0.8584704938623433,142
443,1.0,l2,lbfgs,41,None,"{'model__C': 1.0, 'model__class_weight': None, 'model__max_iter': 41, 'model__solver': 'lbfgs', 'model__penalty': 'l2'}",0.7977543583177387,0.014314751873939172,0.7271591371591372,0.856349967807648,0.8019501625135428,0.7294347376648261,0.8584704938623433,143
448,1.0,l2,lbfgs,46,None,"{'model__C': 1.0, 'model__class_weight': None, 'model__max_iter': 46, 'model__solver': 'lbfgs', 'model__penalty': 'l2'}",0.7977543583177387,0.014314751873939172,0.7271591371591372,0.856349967807648,0.8019501625135428,0.7294347376648261,0.8584704938623433,144
453,1.0,l2,lbfgs,51,None,"{'model__C': 1.0, 'model__class_weight': None, 'model__max_iter': 51, 'model__solver': 'lbfgs', 'model__penalty': 'l2'}",0.7977543583177387,0.014314751873939172,0.7271591371591372,0.856349967807648,0.8019501625135428,0.7294347376648261,0.8584704938623433,145
458,1.0,l2,lbfgs,56,None,"{'model__C': 1.0, 'model__class_weight': None, 'model__max_iter': 56, 'model__solver': 'lbfgs', 'model__penalty': 'l2'}",0.7977543583177387,0.014314751873939172,0.7271591371591372,0.856349967807648,0.8019501625135428,0.7294347376648261,0.8584704938623433,146
463,1.0,l2,lbfgs,61,None,"{'model__C': 1.0, 'model__class_weight': None, 'model__max_iter': 61, 'model__solver': 'lbfgs', 'model__penalty': 'l2'}",0.7977543583177387,0.014314751873939172,0.7271591371591372,0.856349967807648,0.8019501625135428,0.7294347376648261,0.8584704938623433,147
468,1.0,l2,lbfgs,66,None,"{'model__C': 1.0, 'model__class_weight': None, 'model__max_iter': 66, 'model__solver': 'lbfgs', 'model__penalty': 'l2'}",0.7977543583177387,0.014314751873939172,0.7271591371591372,0.856349967807648,0.8019501625135428,0.7294347376648261,0.8584704938623433,148
473,1.0,l2,lbfgs,71,None,"{'model__C': 1.0, 'model__class_weight': None, 'model__max_iter': 71, 'model__solver': 'lbfgs', 'model__penalty': 'l2'}",0.7977543583177387,0.014314751873939172,0.7271591371591372,0.856349967807648,0.8019501625135428,0.7294347376648261,0.8584704938623433,149
478,1.0,l2,lbfgs,76,None,"{'model__C': 1.0, 'model__class_weight': None, 'model__max_iter': 76, 'model__solver': 'lbfgs', 'model__penalty': 'l2'}",0.7977543583177387,0.014314751873939172,0.7271591371591372,0.856349967807648,0.8019501625135428,0.7294347376648261,0.8584704938623433,150
483,1.0,l2,lbfgs,81,None,"{'model__C': 1.0, 'model__class_weight': None, 'model__max_iter': 81, 'model__solver': 'lbfgs', 'model__penalty': 'l2'}",0.7977543583177387,0.014314751873939172,0.7271591371591372,0.856349967807648,0.8019501625135428,0.7294347376648261,0.8584704938623433,151
488,1.0,l2,lbfgs,86,None,"{'model__C': 1.0, 'model__class_weight': None, 'model__max_iter': 86, 'model__solver': 'lbfgs', 'model__penalty': 'l2'}",0.7977543583177387,0.014314751873939172,0.7271591371591372,0.856349967807648,0.8019501625135428,0.7294347376648261,0.8584704938623433,152
493,1.0,l2,lbfgs,91,None,"{'model__C': 1.0, 'model__class_weight': None, 'model__max_iter': 91, 'model__solver': 'lbfgs', 'model__penalty': 'l2'}",0.7977543583177387,0.014314751873939172,0.7271591371591372,0.856349967807648,0.8019501625135428,0.7294347376648261,0.8584704938623433,153
498,1.0,l2,lbfgs,96,None,"{'model__C': 1.0, 'model__class_weight': None, 'model__max_iter': 96, 'model__solver': 'lbfgs', 'model__penalty': 'l2'}",0.7977543583177387,0.014314751873939172,0.7271591371591372,0.856349967807648,0.8019501625135428,0.7294347376648261,0.8584704938623433,154
13,0.01,l2,lbfgs,11,None,"{'model__C': 0.01, 'model__class_weight': None, 'model__max_iter': 11, 'model__solver': 'lbfgs', 'model__penalty': 'l2'}",0.7977543583177386,0.016835439740020674,0.7051300232497176,0.8518146723240768,0.8019501625135428,0.7258116259187966,0.8521068838858806,155
18,0.01,l2,lbfgs,16,None,"{'model__C': 0.01, 'model__class_weight': None, 'model__max_iter': 16, 'model__solver': 'lbfgs', 'model__penalty': 'l2'}",0.7977543583177386,0.016835439740020674,0.7051300232497176,0.8518146723240768,0.8019501625135428,0.7258116259187966,0.8521068838858806,156
23,0.01,l2,lbfgs,21,None,"{'model__C': 0.01, 'model__class_weight': None, 'model__max_iter': 21, 'model__solver': 'lbfgs', 'model__penalty': 'l2'}",0.7977543583177386,0.016835439740020674,0.7051300232497176,0.8518146723240768,0.8019501625135428,0.7258116259187966,0.8521068838858806,157
28,0.01,l2,lbfgs,26,None,"{'model__C': 0.01, 'model__class_weight': None, 'model__max_iter': 26, 'model__solver': 'lbfgs', 'model__penalty': 'l2'}",0.7977543583177386,0.016835439740020674,0.7051300232497176,0.8518146723240768,0.8019501625135428,0.7258116259187966,0.8521068838858806,158
33,0.01,l2,lbfgs,31,None,"{'model__C': 0.01, 'model__class_weight': None, 'model__max_iter': 31, 'model__solver': 'lbfgs', 'model__penalty': 'l2'}",0.7977543583177386,0.016835439740020674,0.7051300232497176,0.8518146723240768,0.8019501625135428,0.7258116259187966,0.8521068838858806,159
38,0.01,l2,lbfgs,36,None,"{'model__C': 0.01, 'model__class_weight': None, 'model__max_iter': 36, 'model__solver': 'lbfgs', 'model__penalty': 'l2'}",0.7977543583177386,0.016835439740020674,0.7051300232497176,0.8518146723240768,0.8019501625135428,0.7258116259187966,0.8521068838858806,160
43,0.01,l2,lbfgs,41,None,"{'model__C': 0.01, 'model__class_weight': None, 'model__max_iter': 41, 'model__solver': 'lbfgs', 'model__penalty': 'l2'}",0.7977543583177386,0.016835439740020674,0.7051300232497176,0.8518146723240768,0.8019501625135428,0.7258116259187966,0.8521068838858806,161
48,0.01,l2,lbfgs,46,None,"{'model__C': 0.01, 'model__class_weight': None, 'model__max_iter': 46, 'model__solver': 'lbfgs', 'model__penalty': 'l2'}",0.7977543583177386,0.016835439740020674,0.7051300232497176,0.8518146723240768,0.8019501625135428,0.7258116259187966,0.8521068838858806,162
53,0.01,l2,lbfgs,51,None,"{'model__C': 0.01, 'model__class_weight': None, 'model__max_iter': 51, 'model__solver': 'lbfgs', 'model__penalty': 'l2'}",0.7977543583177386,0.016835439740020674,0.7051300232497176,0.8518146723240768,0.8019501625135428,0.7258116259187966,0.8521068838858806,163
58,0.01,l2,lbfgs,56,None,"{'model__C': 0.01, 'model__class_weight': None, 'model__max_iter': 56, 'model__solver': 'lbfgs', 'model__penalty': 'l2'}",0.7977543583177386,0.016835439740020674,0.7051300232497176,0.8518146723240768,0.8019501625135428,0.7258116259187966,0.8521068838858806,164
63,0.01,l2,lbfgs,61,None,"{'model__C': 0.01, 'model__class_weight': None, 'model__max_iter': 61, 'model__solver': 'lbfgs', 'model__penalty': 'l2'}",0.7977543583177386,0.016835439740020674,0.7051300232497176,0.8518146723240768,0.8019501625135428,0.7258116259187966,0.8521068838858806,165
68,0.01,l2,lbfgs,66,None,"{'model__C': 0.01, 'model__class_weight': None, 'model__max_iter': 66, 'model__solver': 'lbfgs', 'model__penalty': 'l2'}",0.7977543583177386,0.016835439740020674,0.7051300232497176,0.8518146723240768,0.8019501625135428,0.7258116259187966,0.8521068838858806,166
73,0.01,l2,lbfgs,71,None,"{'model__C': 0.01, 'model__class_weight': None, 'model__max_iter': 71, 'model__solver': 'lbfgs', 'model__penalty': 'l2'}",0.7977543583177386,0.016835439740020674,0.7051300232497176,0.8518146723240768,0.8019501625135428,0.7258116259187966,0.8521068838858806,167
78,0.01,l2,lbfgs,76,None,"{'model__C': 0.01, 'model__class_weight': None, 'model__max_iter': 76, 'model__solver': 'lbfgs', 'model__penalty': 'l2'}",0.7977543583177386,0.016835439740020674,0.7051300232497176,0.8518146723240768,0.8019501625135428,0.7258116259187966,0.8521068838858806,168
83,0.01,l2,lbfgs,81,None,"{'model__C': 0.01, 'model__class_weight': None, 'model__max_iter': 81, 'model__solver': 'lbfgs', 'model__penalty': 'l2'}",0.7977543583177386,0.016835439740020674,0.7051300232497176,0.8518146723240768,0.8019501625135428,0.7258116259187966,0.8521068838858806,169
88,0.01,l2,lbfgs,86,None,"{'model__C': 0.01, 'model__class_weight': None, 'model__max_iter': 86, 'model__solver': 'lbfgs', 'model__penalty': 'l2'}",0.7977543583177386,0.016835439740020674,0.7051300232497176,0.8518146723240768,0.8019501625135428,0.7258116259187966,0.8521068838858806,170
93,0.01,l2,lbfgs,91,None,"{'model__C': 0.01, 'model__class_weight': None, 'model__max_iter': 91, 'model__solver': 'lbfgs', 'model__penalty': 'l2'}",0.7977543583177386,0.016835439740020674,0.7051300232497176,0.8518146723240768,0.8019501625135428,0.7258116259187966,0.8521068838858806,171
98,0.01,l2,lbfgs,96,None,"{'model__C': 0.01, 'model__class_weight': None, 'model__max_iter': 96, 'model__solver': 'lbfgs', 'model__penalty': 'l2'}",0.7977543583177386,0.016835439740020674,0.7051300232497176,0.8518146723240768,0.8019501625135428,0.7258116259187966,0.8521068838858806,172
8,0.01,l2,lbfgs,6,None,"{'model__C': 0.01, 'model__class_weight': None, 'model__max_iter': 6, 'model__solver': 'lbfgs', 'model__penalty': 'l2'}",0.7977543583177386,0.016835439740020674,0.7051300232497176,0.8517733500100271,0.8019501625135428,0.7258116259187966,0.8517733500100271,173
20,0.01,l2,saga,16,None,"{'model__C': 0.01, 'model__class_weight': None, 'model__max_iter': 16, 'model__solver': 'saga', 'model__penalty': 'l2'}",0.7977543583177386,0.016835439740020674,0.7051300232497176,0.8517519236249644,0.8019501625135428,0.7258116259187966,0.8521068838858806,174
25,0.01,l2,saga,21,None,"{'model__C': 0.01, 'model__class_weight': None, 'model__max_iter': 21, 'model__solver': 'saga', 'model__penalty': 'l2'}",0.7977543583177386,0.016835439740020674,0.7051300232497176,0.8517519236249644,0.8019501625135428,0.7258116259187966,0.8521068838858806,175
30,0.01,l2,saga,26,None,"{'model__C': 0.01, 'model__class_weight': None, 'model__max_iter': 26, 'model__solver': 'saga', 'model__penalty': 'l2'}",0.7977543583177386,0.016835439740020674,0.7051300232497176,0.8517519236249644,0.8019501625135428,0.7258116259187966,0.8521068838858806,176
35,0.01,l2,saga,31,None,"{'model__C': 0.01, 'model__class_weight': None, 'model__max_iter': 31, 'model__solver': 'saga', 'model__penalty': 'l2'}",0.7977543583177386,0.016835439740020674,0.7051300232497176,0.8517519236249644,0.8019501625135428,0.7258116259187966,0.8521068838858806,177
40,0.01,l2,saga,36,None,"{'model__C': 0.01, 'model__class_weight': None, 'model__max_iter': 36, 'model__solver': 'saga', 'model__penalty': 'l2'}",0.7977543583177386,0.016835439740020674,0.7051300232497176,0.8517519236249644,0.8019501625135428,0.7258116259187966,0.8521068838858806,178
45,0.01,l2,saga,41,None,"{'model__C': 0.01, 'model__class_weight': None, 'model__max_iter': 41, 'model__solver': 'saga', 'model__penalty': 'l2'}",0.7977543583177386,0.016835439740020674,0.7051300232497176,0.8517519236249644,0.8019501625135428,0.7258116259187966,0.8521068838858806,179
50,0.01,l2,saga,46,None,"{'model__C': 0.01, 'model__class_weight': None, 'model__max_iter': 46, 'model__solver': 'saga', 'model__penalty': 'l2'}",0.7977543583177386,0.016835439740020674,0.7051300232497176,0.8517519236249644,0.8019501625135428,0.7258116259187966,0.8521068838858806,180
55,0.01,l2,saga,51,None,"{'model__C': 0.01, 'model__class_weight': None, 'model__max_iter': 51, 'model__solver': 'saga', 'model__penalty': 'l2'}",0.7977543583177386,0.016835439740020674,0.7051300232497176,0.8517519236249644,0.8019501625135428,0.7258116259187966,0.8521068838858806,181
60,0.01,l2,saga,56,None,"{'model__C': 0.01, 'model__class_weight': None, 'model__max_iter': 56, 'model__solver': 'saga', 'model__penalty': 'l2'}",0.7977543583177386,0.016835439740020674,0.7051300232497176,0.8517519236249644,0.8019501625135428,0.7258116259187966,0.8521068838858806,182
65,0.01,l2,saga,61,None,"{'model__C': 0.01, 'model__class_weight': None, 'model__max_iter': 61, 'model__solver': 'saga', 'model__penalty': 'l2'}",0.7977543583177386,0.016835439740020674,0.7051300232497176,0.8517519236249644,0.8019501625135428,0.7258116259187966,0.8521068838858806,183
70,0.01,l2,saga,66,None,"{'model__C': 0.01, 'model__class_weight': None, 'model__max_iter': 66, 'model__solver': 'saga', 'model__penalty': 'l2'}",0.7977543583177386,0.016835439740020674,0.7051300232497176,0.8517519236249644,0.8019501625135428,0.7258116259187966,0.8521068838858806,184
75,0.01,l2,saga,71,None,"{'model__C': 0.01, 'model__class_weight': None, 'model__max_iter': 71, 'model__solver': 'saga', 'model__penalty': 'l2'}",0.7977543583177386,0.016835439740020674,0.7051300232497176,0.8517519236249644,0.8019501625135428,0.7258116259187966,0.8521068838858806,185
80,0.01,l2,saga,76,None,"{'model__C': 0.01, 'model__class_weight': None, 'model__max_iter': 76, 'model__solver': 'saga', 'model__penalty': 'l2'}",0.7977543583177386,0.016835439740020674,0.7051300232497176,0.8517519236249644,0.8019501625135428,0.7258116259187966,0.8521068838858806,186
85,0.01,l2,saga,81,None,"{'model__C': 0.01, 'model__class_weight': None, 'model__max_iter': 81, 'model__solver': 'saga', 'model__penalty': 'l2'}",0.7977543583177386,0.016835439740020674,0.7051300232497176,0.8517519236249644,0.8019501625135428,0.7258116259187966,0.8521068838858806,187
90,0.01,l2,saga,86,None,"{'model__C': 0.01, 'model__class_weight': None, 'model__max_iter': 86, 'model__solver': 'saga', 'model__penalty': 'l2'}",0.7977543583177386,0.016835439740020674,0.7051300232497176,0.8517519236249644,0.8019501625135428,0.7258116259187966,0.8521068838858806,188
95,0.01,l2,saga,91,None,"{'model__C': 0.01, 'model__class_weight': None, 'model__max_iter': 91, 'model__solver': 'saga', 'model__penalty': 'l2'}",0.7977543583177386,0.016835439740020674,0.7051300232497176,0.8517519236249644,0.8019501625135428,0.7258116259187966,0.8521068838858806,189
100,0.01,l2,saga,96,None,"{'model__C': 0.01, 'model__class_weight': None, 'model__max_iter': 96, 'model__solver': 'saga', 'model__penalty': 'l2'}",0.7977543583177386,0.016835439740020674,0.7051300232497176,0.8517519236249644,0.8019501625135428,0.7258116259187966,0.8521068838858806,190
15,0.01,l2,saga,11,None,"{'model__C': 0.01, 'model__class_weight': None, 'model__max_iter': 11, 'model__solver': 'saga', 'model__penalty': 'l2'}",0.7977543583177386,0.016835439740020674,0.7051300232497176,0.8517098360828769,0.8019501625135428,0.7258116259187966,0.8521068838858806,191
205,0.1,l2,saga,1,None,"{'model__C': 0.1, 'model__class_weight': None, 'model__max_iter': 1, 'model__solver': 'saga', 'model__penalty': 'l2'}",0.796395154141633,0.019375404220491225,0.7257314784118336,0.8522623703070412,0.8019501625135428,0.7288919986235082,0.8581405882228766,192
604,10.0,l1,saga,1,None,"{'model__C': 10.0, 'model__class_weight': None, 'model__max_iter': 1, 'model__solver': 'saga', 'model__penalty': 'l1'}",0.796395154141633,0.02085469468235908,0.7254833701000132,0.8525118214538276,0.8019501625135428,0.7357042744602553,0.8587839470989941,193
804,30.0,l1,saga,1,None,"{'model__C': 30.0, 'model__class_weight': None, 'model__max_iter': 1, 'model__solver': 'saga', 'model__penalty': 'l1'}",0.796395154141633,0.02085469468235908,0.7254833701000132,0.8524280289836715,0.8019501625135428,0.7366068772542739,0.8588253617681516,194
405,1.0,l2,saga,1,None,"{'model__C': 1.0, 'model__class_weight': None, 'model__max_iter': 1, 'model__solver': 'saga', 'model__penalty': 'l2'}",0.796395154141633,0.02085469468235908,0.7254833701000132,0.8524268811416146,0.8019501625135428,0.7288919986235082,0.8584704938623433,195
605,10.0,l2,saga,1,None,"{'model__C': 10.0, 'model__class_weight': None, 'model__max_iter': 1, 'model__solver': 'saga', 'model__penalty': 'l2'}",0.796395154141633,0.02085469468235908,0.7254833701000132,0.852385558827565,0.8019501625135428,0.7357042744602553,0.8587839470989941,196
805,30.0,l2,saga,1,None,"{'model__C': 30.0, 'model__class_weight': None, 'model__max_iter': 1, 'model__solver': 'saga', 'model__penalty': 'l2'}",0.796395154141633,0.02085469468235908,0.7254833701000132,0.8523442365135155,0.8019501625135428,0.7366068772542739,0.8588253617681516,197
404,1.0,l1,saga,1,None,"{'model__C': 1.0, 'model__class_weight': None, 'model__max_iter': 1, 'model__solver': 'saga', 'model__penalty': 'l1'}",0.796395154141633,0.02085469468235908,0.7254833701000132,0.8522823453975491,0.8019501625135428,0.7288919986235082,0.8584704938623433,198
220,0.1,l2,saga,16,None,"{'model__C': 0.1, 'model__class_weight': None, 'model__max_iter': 16, 'model__solver': 'saga', 'model__penalty': 'l2'}",0.796375455530385,0.012102804948846068,0.7234265734265735,0.8573944776922833,0.8019501625135428,0.7288919986235082,0.8581405882228766,199
225,0.1,l2,saga,21,None,"{'model__C': 0.1, 'model__class_weight': None, 'model__max_iter': 21, 'model__solver': 'saga', 'model__penalty': 'l2'}",0.796375455530385,0.012102804948846068,0.7234265734265735,0.8573531553782339,0.8019501625135428,0.7288919986235082,0.8581405882228766,200
230,0.1,l2,saga,26,None,"{'model__C': 0.1, 'model__class_weight': None, 'model__max_iter': 26, 'model__solver': 'saga', 'model__penalty': 'l2'}",0.796375455530385,0.012102804948846068,0.7234265734265735,0.8573531553782339,0.8019501625135428,0.7288919986235082,0.8581405882228766,201
235,0.1,l2,saga,31,None,"{'model__C': 0.1, 'model__class_weight': None, 'model__max_iter': 31, 'model__solver': 'saga', 'model__penalty': 'l2'}",0.796375455530385,0.012102804948846068,0.7234265734265735,0.8573531553782339,0.8019501625135428,0.7288919986235082,0.8581405882228766,202
240,0.1,l2,saga,36,None,"{'model__C': 0.1, 'model__class_weight': None, 'model__max_iter': 36, 'model__solver': 'saga', 'model__penalty': 'l2'}",0.796375455530385,0.012102804948846068,0.7234265734265735,0.8573531553782339,0.8019501625135428,0.7288919986235082,0.8581405882228766,203
245,0.1,l2,saga,41,None,"{'model__C': 0.1, 'model__class_weight': None, 'model__max_iter': 41, 'model__solver': 'saga', 'model__penalty': 'l2'}",0.796375455530385,0.012102804948846068,0.7234265734265735,0.8573531553782339,0.8019501625135428,0.7288919986235082,0.8581405882228766,204
250,0.1,l2,saga,46,None,"{'model__C': 0.1, 'model__class_weight': None, 'model__max_iter': 46, 'model__solver': 'saga', 'model__penalty': 'l2'}",0.796375455530385,0.012102804948846068,0.7234265734265735,0.8573531553782339,0.8019501625135428,0.7288919986235082,0.8581405882228766,205
255,0.1,l2,saga,51,None,"{'model__C': 0.1, 'model__class_weight': None, 'model__max_iter': 51, 'model__solver': 'saga', 'model__penalty': 'l2'}",0.796375455530385,0.012102804948846068,0.7234265734265735,0.8573531553782339,0.8019501625135428,0.7288919986235082,0.8581405882228766,206
260,0.1,l2,saga,56,None,"{'model__C': 0.1, 'model__class_weight': None, 'model__max_iter': 56, 'model__solver': 'saga', 'model__penalty': 'l2'}",0.796375455530385,0.012102804948846068,0.7234265734265735,0.8573531553782339,0.8019501625135428,0.7288919986235082,0.8581405882228766,207
265,0.1,l2,saga,61,None,"{'model__C': 0.1, 'model__class_weight': None, 'model__max_iter': 61, 'model__solver': 'saga', 'model__penalty': 'l2'}",0.796375455530385,0.012102804948846068,0.7234265734265735,0.8573531553782339,0.8019501625135428,0.7288919986235082,0.8581405882228766,208
270,0.1,l2,saga,66,None,"{'model__C': 0.1, 'model__class_weight': None, 'model__max_iter': 66, 'model__solver': 'saga', 'model__penalty': 'l2'}",0.796375455530385,0.012102804948846068,0.7234265734265735,0.8573531553782339,0.8019501625135428,0.7288919986235082,0.8581405882228766,209
275,0.1,l2,saga,71,None,"{'model__C': 0.1, 'model__class_weight': None, 'model__max_iter': 71, 'model__solver': 'saga', 'model__penalty': 'l2'}",0.796375455530385,0.012102804948846068,0.7234265734265735,0.8573531553782339,0.8019501625135428,0.7288919986235082,0.8581405882228766,210
280,0.1,l2,saga,76,None,"{'model__C': 0.1, 'model__class_weight': None, 'model__max_iter': 76, 'model__solver': 'saga', 'model__penalty': 'l2'}",0.796375455530385,0.012102804948846068,0.7234265734265735,0.8573531553782339,0.8019501625135428,0.7288919986235082,0.8581405882228766,211
285,0.1,l2,saga,81,None,"{'model__C': 0.1, 'model__class_weight': None, 'model__max_iter': 81, 'model__solver': 'saga', 'model__penalty': 'l2'}",0.796375455530385,0.012102804948846068,0.7234265734265735,0.8573531553782339,0.8019501625135428,0.7288919986235082,0.8581405882228766,212
290,0.1,l2,saga,86,None,"{'model__C': 0.1, 'model__class_weight': None, 'model__max_iter': 86, 'model__solver': 'saga', 'model__penalty': 'l2'}",0.796375455530385,0.012102804948846068,0.7234265734265735,0.8573531553782339,0.8019501625135428,0.7288919986235082,0.8581405882228766,213
295,0.1,l2,saga,91,None,"{'model__C': 0.1, 'model__class_weight': None, 'model__max_iter': 91, 'model__solver': 'saga', 'model__penalty': 'l2'}",0.796375455530385,0.012102804948846068,0.7234265734265735,0.8573531553782339,0.8019501625135428,0.7288919986235082,0.8581405882228766,214
300,0.1,l2,saga,96,None,"{'model__C': 0.1, 'model__class_weight': None, 'model__max_iter': 96, 'model__solver': 'saga', 'model__penalty': 'l2'}",0.796375455530385,0.012102804948846068,0.7234265734265735,0.8573531553782339,0.8019501625135428,0.7288919986235082,0.8581405882228766,215
213,0.1,l2,lbfgs,11,None,"{'model__C': 0.1, 'model__class_weight': None, 'model__max_iter': 11, 'model__solver': 'lbfgs', 'model__penalty': 'l2'}",0.796375455530385,0.012102804948846068,0.7234265734265735,0.8573313463791521,0.8019501625135428,0.7288919986235082,0.8581405882228766,216
218,0.1,l2,lbfgs,16,None,"{'model__C': 0.1, 'model__class_weight': None, 'model__max_iter': 16, 'model__solver': 'lbfgs', 'model__penalty': 'l2'}",0.796375455530385,0.012102804948846068,0.7234265734265735,0.8573313463791521,0.8019501625135428,0.7288919986235082,0.8581405882228766,217
223,0.1,l2,lbfgs,21,None,"{'model__C': 0.1, 'model__class_weight': None, 'model__max_iter': 21, 'model__solver': 'lbfgs', 'model__penalty': 'l2'}",0.796375455530385,0.012102804948846068,0.7234265734265735,0.8573313463791521,0.8019501625135428,0.7288919986235082,0.8581405882228766,218
228,0.1,l2,lbfgs,26,None,"{'model__C': 0.1, 'model__class_weight': None, 'model__max_iter': 26, 'model__solver': 'lbfgs', 'model__penalty': 'l2'}",0.796375455530385,0.012102804948846068,0.7234265734265735,0.8573313463791521,0.8019501625135428,0.7288919986235082,0.8581405882228766,219
233,0.1,l2,lbfgs,31,None,"{'model__C': 0.1, 'model__class_weight': None, 'model__max_iter': 31, 'model__solver': 'lbfgs', 'model__penalty': 'l2'}",0.796375455530385,0.012102804948846068,0.7234265734265735,0.8573313463791521,0.8019501625135428,0.7288919986235082,0.8581405882228766,220
238,0.1,l2,lbfgs,36,None,"{'model__C': 0.1, 'model__class_weight': None, 'model__max_iter': 36, 'model__solver': 'lbfgs', 'model__penalty': 'l2'}",0.796375455530385,0.012102804948846068,0.7234265734265735,0.8573313463791521,0.8019501625135428,0.7288919986235082,0.8581405882228766,221
243,0.1,l2,lbfgs,41,None,"{'model__C': 0.1, 'model__class_weight': None, 'model__max_iter': 41, 'model__solver': 'lbfgs', 'model__penalty': 'l2'}",0.796375455530385,0.012102804948846068,0.7234265734265735,0.8573313463791521,0.8019501625135428,0.7288919986235082,0.8581405882228766,222
248,0.1,l2,lbfgs,46,None,"{'model__C': 0.1, 'model__class_weight': None, 'model__max_iter': 46, 'model__solver': 'lbfgs', 'model__penalty': 'l2'}",0.796375455530385,0.012102804948846068,0.7234265734265735,0.8573313463791521,0.8019501625135428,0.7288919986235082,0.8581405882228766,223
253,0.1,l2,lbfgs,51,None,"{'model__C': 0.1, 'model__class_weight': None, 'model__max_iter': 51, 'model__solver': 'lbfgs', 'model__penalty': 'l2'}",0.796375455530385,0.012102804948846068,0.7234265734265735,0.8573313463791521,0.8019501625135428,0.7288919986235082,0.8581405882228766,224
258,0.1,l2,lbfgs,56,None,"{'model__C': 0.1, 'model__class_weight': None, 'model__max_iter': 56, 'model__solver': 'lbfgs', 'model__penalty': 'l2'}",0.796375455530385,0.012102804948846068,0.7234265734265735,0.8573313463791521,0.8019501625135428,0.7288919986235082,0.8581405882228766,225
263,0.1,l2,lbfgs,61,None,"{'model__C': 0.1, 'model__class_weight': None, 'model__max_iter': 61, 'model__solver': 'lbfgs', 'model__penalty': 'l2'}",0.796375455530385,0.012102804948846068,0.7234265734265735,0.8573313463791521,0.8019501625135428,0.7288919986235082,0.8581405882228766,226
268,0.1,l2,lbfgs,66,None,"{'model__C': 0.1, 'model__class_weight': None, 'model__max_iter': 66, 'model__solver': 'lbfgs', 'model__penalty': 'l2'}",0.796375455530385,0.012102804948846068,0.7234265734265735,0.8573313463791521,0.8019501625135428,0.7288919986235082,0.8581405882228766,227
273,0.1,l2,lbfgs,71,None,"{'model__C': 0.1, 'model__class_weight': None, 'model__max_iter': 71, 'model__solver': 'lbfgs', 'model__penalty': 'l2'}",0.796375455530385,0.012102804948846068,0.7234265734265735,0.8573313463791521,0.8019501625135428,0.7288919986235082,0.8581405882228766,228
278,0.1,l2,lbfgs,76,None,"{'model__C': 0.1, 'model__class_weight': None, 'model__max_iter': 76, 'model__solver': 'lbfgs', 'model__penalty': 'l2'}",0.796375455530385,0.012102804948846068,0.7234265734265735,0.8573313463791521,0.8019501625135428,0.7288919986235082,0.8581405882228766,229
283,0.1,l2,lbfgs,81,None,"{'model__C': 0.1, 'model__class_weight': None, 'model__max_iter': 81, 'model__solver': 'lbfgs', 'model__penalty': 'l2'}",0.796375455530385,0.012102804948846068,0.7234265734265735,0.8573313463791521,0.8019501625135428,0.7288919986235082,0.8581405882228766,230
288,0.1,l2,lbfgs,86,None,"{'model__C': 0.1, 'model__class_weight': None, 'model__max_iter': 86, 'model__solver': 'lbfgs', 'model__penalty': 'l2'}",0.796375455530385,0.012102804948846068,0.7234265734265735,0.8573313463791521,0.8019501625135428,0.7288919986235082,0.8581405882228766,231
293,0.1,l2,lbfgs,91,None,"{'model__C': 0.1, 'model__class_weight': None, 'model__max_iter': 91, 'model__solver': 'lbfgs', 'model__penalty': 'l2'}",0.796375455530385,0.012102804948846068,0.7234265734265735,0.8573313463791521,0.8019501625135428,0.7288919986235082,0.8581405882228766,232
298,0.1,l2,lbfgs,96,None,"{'model__C': 0.1, 'model__class_weight': None, 'model__max_iter': 96, 'model__solver': 'lbfgs', 'model__penalty': 'l2'}",0.796375455530385,0.012102804948846068,0.7234265734265735,0.8573313463791521,0.8019501625135428,0.7288919986235082,0.8581405882228766,233
215,0.1,l2,saga,11,None,"{'model__C': 0.1, 'model__class_weight': None, 'model__max_iter': 11, 'model__solver': 'saga', 'model__penalty': 'l2'}",0.796375455530385,0.012102804948846068,0.7234265734265735,0.8572697455220967,0.8019501625135428,0.7288919986235082,0.8581405882228766,234
210,0.1,l2,saga,6,None,"{'model__C': 0.1, 'model__class_weight': None, 'model__max_iter': 6, 'model__solver': 'saga', 'model__penalty': 'l2'}",0.796375455530385,0.012102804948846068,0.7234265734265735,0.8571826150744645,0.8019501625135428,0.7288919986235082,0.8581405882228766,235
208,0.1,l2,lbfgs,6,None,"{'model__C': 0.1, 'model__class_weight': None, 'model__max_iter': 6, 'model__solver': 'lbfgs', 'model__penalty': 'l2'}",0.796375455530385,0.012102804948846068,0.7234265734265735,0.8568716686193175,0.8019501625135428,0.7288919986235082,0.8581405882228766,236
807,30.0,l2,liblinear,6,None,"{'model__C': 30.0, 'model__class_weight': None, 'model__max_iter': 6, 'model__solver': 'liblinear', 'model__penalty': 'l2'}",0.7963557569191373,0.015291832843592175,0.7255353807985386,0.8568080491434722,0.8019501625135428,0.7366068772542739,0.8588253617681516,237
812,30.0,l2,liblinear,11,None,"{'model__C': 30.0, 'model__class_weight': None, 'model__max_iter': 11, 'model__solver': 'liblinear', 'model__penalty': 'l2'}",0.7963557569191373,0.015291832843592175,0.7255353807985386,0.8568080491434722,0.8019501625135428,0.7366068772542739,0.8588253617681516,238
817,30.0,l2,liblinear,16,None,"{'model__C': 30.0, 'model__class_weight': None, 'model__max_iter': 16, 'model__solver': 'liblinear', 'model__penalty': 'l2'}",0.7963557569191373,0.015291832843592175,0.7255353807985386,0.8568080491434722,0.8019501625135428,0.7366068772542739,0.8588253617681516,239
822,30.0,l2,liblinear,21,None,"{'model__C': 30.0, 'model__class_weight': None, 'model__max_iter': 21, 'model__solver': 'liblinear', 'model__penalty': 'l2'}",0.7963557569191373,0.015291832843592175,0.7255353807985386,0.8568080491434722,0.8019501625135428,0.7366068772542739,0.8588253617681516,240
827,30.0,l2,liblinear,26,None,"{'model__C': 30.0, 'model__class_weight': None, 'model__max_iter': 26, 'model__solver': 'liblinear', 'model__penalty': 'l2'}",0.7963557569191373,0.015291832843592175,0.7255353807985386,0.8568080491434722,0.8019501625135428,0.7366068772542739,0.8588253617681516,241
832,30.0,l2,liblinear,31,None,"{'model__C': 30.0, 'model__class_weight': None, 'model__max_iter': 31, 'model__solver': 'liblinear', 'model__penalty': 'l2'}",0.7963557569191373,0.015291832843592175,0.7255353807985386,0.8568080491434722,0.8019501625135428,0.7366068772542739,0.8588253617681516,242
837,30.0,l2,liblinear,36,None,"{'model__C': 30.0, 'model__class_weight': None, 'model__max_iter': 36, 'model__solver': 'liblinear', 'model__penalty': 'l2'}",0.7963557569191373,0.015291832843592175,0.7255353807985386,0.8568080491434722,0.8019501625135428,0.7366068772542739,0.8588253617681516,243
842,30.0,l2,liblinear,41,None,"{'model__C': 30.0, 'model__class_weight': None, 'model__max_iter': 41, 'model__solver': 'liblinear', 'model__penalty': 'l2'}",0.7963557569191373,0.015291832843592175,0.7255353807985386,0.8568080491434722,0.8019501625135428,0.7366068772542739,0.8588253617681516,244
847,30.0,l2,liblinear,46,None,"{'model__C': 30.0, 'model__class_weight': None, 'model__max_iter': 46, 'model__solver': 'liblinear', 'model__penalty': 'l2'}",0.7963557569191373,0.015291832843592175,0.7255353807985386,0.8568080491434722,0.8019501625135428,0.7366068772542739,0.8588253617681516,245
852,30.0,l2,liblinear,51,None,"{'model__C': 30.0, 'model__class_weight': None, 'model__max_iter': 51, 'model__solver': 'liblinear', 'model__penalty': 'l2'}",0.7963557569191373,0.015291832843592175,0.7255353807985386,0.8568080491434722,0.8019501625135428,0.7366068772542739,0.8588253617681516,246
857,30.0,l2,liblinear,56,None,"{'model__C': 30.0, 'model__class_weight': None, 'model__max_iter': 56, 'model__solver': 'liblinear', 'model__penalty': 'l2'}",0.7963557569191373,0.015291832843592175,0.7255353807985386,0.8568080491434722,0.8019501625135428,0.7366068772542739,0.8588253617681516,247
862,30.0,l2,liblinear,61,None,"{'model__C': 30.0, 'model__class_weight': None, 'model__max_iter': 61, 'model__solver': 'liblinear', 'model__penalty': 'l2'}",0.7963557569191373,0.015291832843592175,0.7255353807985386,0.8568080491434722,0.8019501625135428,0.7366068772542739,0.8588253617681516,248
867,30.0,l2,liblinear,66,None,"{'model__C': 30.0, 'model__class_weight': None, 'model__max_iter': 66, 'model__solver': 'liblinear', 'model__penalty': 'l2'}",0.7963557569191373,0.015291832843592175,0.7255353807985386,0.8568080491434722,0.8019501625135428,0.7366068772542739,0.8588253617681516,249
872,30.0,l2,liblinear,71,None,"{'model__C': 30.0, 'model__class_weight': None, 'model__max_iter': 71, 'model__solver': 'liblinear', 'model__penalty': 'l2'}",0.7963557569191373,0.015291832843592175,0.7255353807985386,0.8568080491434722,0.8019501625135428,0.7366068772542739,0.8588253617681516,250
877,30.0,l2,liblinear,76,None,"{'model__C': 30.0, 'model__class_weight': None, 'model__max_iter': 76, 'model__solver': 'liblinear', 'model__penalty': 'l2'}",0.7963557569191373,0.015291832843592175,0.7255353807985386,0.8568080491434722,0.8019501625135428,0.7366068772542739,0.8588253617681516,251
882,30.0,l2,liblinear,81,None,"{'model__C': 30.0, 'model__class_weight': None, 'model__max_iter': 81, 'model__solver': 'liblinear', 'model__penalty': 'l2'}",0.7963557569191373,0.015291832843592175,0.7255353807985386,0.8568080491434722,0.8019501625135428,0.7366068772542739,0.8588253617681516,252
887,30.0,l2,liblinear,86,None,"{'model__C': 30.0, 'model__class_weight': None, 'model__max_iter': 86, 'model__solver': 'liblinear', 'model__penalty': 'l2'}",0.7963557569191373,0.015291832843592175,0.7255353807985386,0.8568080491434722,0.8019501625135428,0.7366068772542739,0.8588253617681516,253
892,30.0,l2,liblinear,91,None,"{'model__C': 30.0, 'model__class_weight': None, 'model__max_iter': 91, 'model__solver': 'liblinear', 'model__penalty': 'l2'}",0.7963557569191373,0.015291832843592175,0.7255353807985386,0.8568080491434722,0.8019501625135428,0.7366068772542739,0.8588253617681516,254
897,30.0,l2,liblinear,96,None,"{'model__C': 30.0, 'model__class_weight': None, 'model__max_iter': 96, 'model__solver': 'liblinear', 'model__penalty': 'l2'}",0.7963557569191373,0.015291832843592175,0.7255353807985386,0.8568080491434722,0.8019501625135428,0.7366068772542739,0.8588253617681516,255
811,30.0,l1,liblinear,11,None,"{'model__C': 30.0, 'model__class_weight': None, 'model__max_iter': 11, 'model__solver': 'liblinear', 'model__penalty': 'l1'}",0.7963557569191373,0.015291832843592175,0.7255353807985386,0.8567464482864169,0.8019501625135428,0.7366068772542739,0.8588253617681516,256
816,30.0,l1,liblinear,16,None,"{'model__C': 30.0, 'model__class_weight': None, 'model__max_iter': 16, 'model__solver': 'liblinear', 'model__penalty': 'l1'}",0.7963557569191373,0.015291832843592175,0.7255353807985386,0.8567464482864169,0.8019501625135428,0.7366068772542739,0.8588253617681516,257
821,30.0,l1,liblinear,21,None,"{'model__C': 30.0, 'model__class_weight': None, 'model__max_iter': 21, 'model__solver': 'liblinear', 'model__penalty': 'l1'}",0.7963557569191373,0.015291832843592175,0.7255353807985386,0.8567464482864169,0.8019501625135428,0.7366068772542739,0.8588253617681516,258
826,30.0,l1,liblinear,26,None,"{'model__C': 30.0, 'model__class_weight': None, 'model__max_iter': 26, 'model__solver': 'liblinear', 'model__penalty': 'l1'}",0.7963557569191373,0.015291832843592175,0.7255353807985386,0.8567464482864169,0.8019501625135428,0.7366068772542739,0.8588253617681516,259
831,30.0,l1,liblinear,31,None,"{'model__C': 30.0, 'model__class_weight': None, 'model__max_iter': 31, 'model__solver': 'liblinear', 'model__penalty': 'l1'}",0.7963557569191373,0.015291832843592175,0.7255353807985386,0.8567464482864169,0.8019501625135428,0.7366068772542739,0.8588253617681516,260
836,30.0,l1,liblinear,36,None,"{'model__C': 30.0, 'model__class_weight': None, 'model__max_iter': 36, 'model__solver': 'liblinear', 'model__penalty': 'l1'}",0.7963557569191373,0.015291832843592175,0.7255353807985386,0.8567464482864169,0.8019501625135428,0.7366068772542739,0.8588253617681516,261
841,30.0,l1,liblinear,41,None,"{'model__C': 30.0, 'model__class_weight': None, 'model__max_iter': 41, 'model__solver': 'liblinear', 'model__penalty': 'l1'}",0.7963557569191373,0.015291832843592175,0.7255353807985386,0.8567464482864169,0.8019501625135428,0.7366068772542739,0.8588253617681516,262
846,30.0,l1,liblinear,46,None,"{'model__C': 30.0, 'model__class_weight': None, 'model__max_iter': 46, 'model__solver': 'liblinear', 'model__penalty': 'l1'}",0.7963557569191373,0.015291832843592175,0.7255353807985386,0.8567464482864169,0.8019501625135428,0.7366068772542739,0.8588253617681516,263
851,30.0,l1,liblinear,51,None,"{'model__C': 30.0, 'model__class_weight': None, 'model__max_iter': 51, 'model__solver': 'liblinear', 'model__penalty': 'l1'}",0.7963557569191373,0.015291832843592175,0.7255353807985386,0.8567464482864169,0.8019501625135428,0.7366068772542739,0.8588253617681516,264
856,30.0,l1,liblinear,56,None,"{'model__C': 30.0, 'model__class_weight': None, 'model__max_iter': 56, 'model__solver': 'liblinear', 'model__penalty': 'l1'}",0.7963557569191373,0.015291832843592175,0.7255353807985386,0.8567464482864169,0.8019501625135428,0.7366068772542739,0.8588253617681516,265
861,30.0,l1,liblinear,61,None,"{'model__C': 30.0, 'model__class_weight': None, 'model__max_iter': 61, 'model__solver': 'liblinear', 'model__penalty': 'l1'}",0.7963557569191373,0.015291832843592175,0.7255353807985386,0.8567464482864169,0.8019501625135428,0.7366068772542739,0.8588253617681516,266
866,30.0,l1,liblinear,66,None,"{'model__C': 30.0, 'model__class_weight': None, 'model__max_iter': 66, 'model__solver': 'liblinear', 'model__penalty': 'l1'}",0.7963557569191373,0.015291832843592175,0.7255353807985386,0.8567464482864169,0.8019501625135428,0.7366068772542739,0.8588253617681516,267
871,30.0,l1,liblinear,71,None,"{'model__C': 30.0, 'model__class_weight': None, 'model__max_iter': 71, 'model__solver': 'liblinear', 'model__penalty': 'l1'}",0.7963557569191373,0.015291832843592175,0.7255353807985386,0.8567464482864169,0.8019501625135428,0.7366068772542739,0.8588253617681516,268
876,30.0,l1,liblinear,76,None,"{'model__C': 30.0, 'model__class_weight': None, 'model__max_iter': 76, 'model__solver': 'liblinear', 'model__penalty': 'l1'}",0.7963557569191373,0.015291832843592175,0.7255353807985386,0.8567464482864169,0.8019501625135428,0.7366068772542739,0.8588253617681516,269
881,30.0,l1,liblinear,81,None,"{'model__C': 30.0, 'model__class_weight': None, 'model__max_iter': 81, 'model__solver': 'liblinear', 'model__penalty': 'l1'}",0.7963557569191373,0.015291832843592175,0.7255353807985386,0.8567464482864169,0.8019501625135428,0.7366068772542739,0.8588253617681516,270
886,30.0,l1,liblinear,86,None,"{'model__C': 30.0, 'model__class_weight': None, 'model__max_iter': 86, 'model__solver': 'liblinear', 'model__penalty': 'l1'}",0.7963557569191373,0.015291832843592175,0.7255353807985386,0.8567464482864169,0.8019501625135428,0.7366068772542739,0.8588253617681516,271
891,30.0,l1,liblinear,91,None,"{'model__C': 30.0, 'model__class_weight': None, 'model__max_iter': 91, 'model__solver': 'liblinear', 'model__penalty': 'l1'}",0.7963557569191373,0.015291832843592175,0.7255353807985386,0.8567464482864169,0.8019501625135428,0.7366068772542739,0.8588253617681516,272
896,30.0,l1,liblinear,96,None,"{'model__C': 30.0, 'model__class_weight': None, 'model__max_iter': 96, 'model__solver': 'liblinear', 'model__penalty': 'l1'}",0.7963557569191373,0.015291832843592175,0.7255353807985386,0.8567464482864169,0.8019501625135428,0.7366068772542739,0.8588253617681516,273
606,10.0,l1,liblinear,6,None,"{'model__C': 10.0, 'model__class_weight': None, 'model__max_iter': 6, 'model__solver': 'liblinear', 'model__penalty': 'l1'}",0.7963557569191373,0.015291832843592175,0.7255353807985386,0.8565369605142333,0.8019501625135428,0.7357042744602553,0.8587839470989941,274
806,30.0,l1,liblinear,6,None,"{'model__C': 30.0, 'model__class_weight': None, 'model__max_iter': 6, 'model__solver': 'liblinear', 'model__penalty': 'l1'}",0.7963557569191373,0.015291832843592175,0.7255353807985386,0.8564327971459633,0.8019501625135428,0.7366068772542739,0.8588253617681516,275
614,10.0,l1,saga,11,None,"{'model__C': 10.0, 'model__class_weight': None, 'model__max_iter': 11, 'model__solver': 'saga', 'model__penalty': 'l1'}",0.7963557569191373,0.015291832843592175,0.7245328745328745,0.8567243490284243,0.8019501625135428,0.7357042744602553,0.8587839470989941,276
819,30.0,l1,saga,16,None,"{'model__C': 30.0, 'model__class_weight': None, 'model__max_iter': 16, 'model__solver': 'saga', 'model__penalty': 'l1'}",0.7963557569191373,0.015291832843592175,0.7245328745328745,0.8567035955162913,0.8019501625135428,0.7366068772542739,0.8588253617681516,277
619,10.0,l1,saga,16,None,"{'model__C': 10.0, 'model__class_weight': None, 'model__max_iter': 16, 'model__solver': 'saga', 'model__penalty': 'l1'}",0.7963557569191373,0.015291832843592175,0.7245328745328745,0.8565996168582377,0.8019501625135428,0.7357042744602553,0.8587839470989941,278
664,10.0,l1,saga,61,None,"{'model__C': 10.0, 'model__class_weight': None, 'model__max_iter': 61, 'model__solver': 'saga', 'model__penalty': 'l1'}",0.7963557569191373,0.015291832843592175,0.7245328745328745,0.8565996168582377,0.8019501625135428,0.7357042744602553,0.8587839470989941,279
679,10.0,l1,saga,76,None,"{'model__C': 10.0, 'model__class_weight': None, 'model__max_iter': 76, 'model__solver': 'saga', 'model__penalty': 'l1'}",0.7963557569191373,0.015291832843592175,0.7245328745328745,0.8565996168582377,0.8019501625135428,0.7357042744602553,0.8587839470989941,280
644,10.0,l1,saga,41,None,"{'model__C': 10.0, 'model__class_weight': None, 'model__max_iter': 41, 'model__solver': 'saga', 'model__penalty': 'l1'}",0.7963557569191373,0.015291832843592175,0.7245328745328745,0.8565582945441881,0.8019501625135428,0.7357042744602553,0.8587839470989941,281
699,10.0,l1,saga,96,None,"{'model__C': 10.0, 'model__class_weight': None, 'model__max_iter': 96, 'model__solver': 'saga', 'model__penalty': 'l1'}",0.7963557569191373,0.015291832843592175,0.7245328745328745,0.8565582945441881,0.8019501625135428,0.7357042744602553,0.8587839470989941,282
639,10.0,l1,saga,36,None,"{'model__C': 10.0, 'model__class_weight': None, 'model__max_iter': 36, 'model__solver': 'saga', 'model__penalty': 'l1'}",0.7963557569191373,0.015291832843592175,0.7245328745328745,0.856557911930169,0.8019501625135428,0.7357042744602553,0.8587839470989941,283
634,10.0,l1,saga,31,None,"{'model__C': 10.0, 'model__class_weight': None, 'model__max_iter': 31, 'model__solver': 'saga', 'model__penalty': 'l1'}",0.7963557569191373,0.015291832843592175,0.7245328745328745,0.8565575293161499,0.8019501625135428,0.7357042744602553,0.8587839470989941,284
649,10.0,l1,saga,46,None,"{'model__C': 10.0, 'model__class_weight': None, 'model__max_iter': 46, 'model__solver': 'saga', 'model__penalty': 'l1'}",0.7963557569191373,0.015291832843592175,0.7245328745328745,0.8565575293161499,0.8019501625135428,0.7357042744602553,0.8587839470989941,285
654,10.0,l1,saga,51,None,"{'model__C': 10.0, 'model__class_weight': None, 'model__max_iter': 51, 'model__solver': 'saga', 'model__penalty': 'l1'}",0.7963557569191373,0.015291832843592175,0.7245328745328745,0.8565575293161499,0.8019501625135428,0.7357042744602553,0.8587839470989941,286
689,10.0,l1,saga,86,None,"{'model__C': 10.0, 'model__class_weight': None, 'model__max_iter': 86, 'model__solver': 'saga', 'model__penalty': 'l1'}",0.7963557569191373,0.015291832843592175,0.7245328745328745,0.8565575293161499,0.8019501625135428,0.7357042744602553,0.8587839470989941,287
629,10.0,l1,saga,26,None,"{'model__C': 10.0, 'model__class_weight': None, 'model__max_iter': 26, 'model__solver': 'saga', 'model__penalty': 'l1'}",0.7963557569191373,0.015291832843592175,0.7245328745328745,0.8565372507731442,0.8019501625135428,0.7357042744602553,0.8587839470989941,288
669,10.0,l1,saga,66,None,"{'model__C': 10.0, 'model__class_weight': None, 'model__max_iter': 66, 'model__solver': 'saga', 'model__penalty': 'l1'}",0.7963557569191373,0.015291832843592175,0.7245328745328745,0.8565372507731442,0.8019501625135428,0.7357042744602553,0.8587839470989941,289
694,10.0,l1,saga,91,None,"{'model__C': 10.0, 'model__class_weight': None, 'model__max_iter': 91, 'model__solver': 'saga', 'model__penalty': 'l1'}",0.7963557569191373,0.015291832843592175,0.7245328745328745,0.8565372507731442,0.8019501625135428,0.7357042744602553,0.8587839470989941,290
624,10.0,l1,saga,21,None,"{'model__C': 10.0, 'model__class_weight': None, 'model__max_iter': 21, 'model__solver': 'saga', 'model__penalty': 'l1'}",0.7963557569191373,0.015291832843592175,0.7245328745328745,0.8565368681591252,0.8019501625135428,0.7357042744602553,0.8587839470989941,291
659,10.0,l1,saga,56,None,"{'model__C': 10.0, 'model__class_weight': None, 'model__max_iter': 56, 'model__solver': 'saga', 'model__penalty': 'l1'}",0.7963557569191373,0.015291832843592175,0.7245328745328745,0.8565162070021005,0.8019501625135428,0.7357042744602553,0.8587839470989941,292
674,10.0,l1,saga,71,None,"{'model__C': 10.0, 'model__class_weight': None, 'model__max_iter': 71, 'model__solver': 'saga', 'model__penalty': 'l1'}",0.7963557569191373,0.015291832843592175,0.7245328745328745,0.8565162070021005,0.8019501625135428,0.7357042744602553,0.8587839470989941,293
684,10.0,l1,saga,81,None,"{'model__C': 10.0, 'model__class_weight': None, 'model__max_iter': 81, 'model__solver': 'saga', 'model__penalty': 'l1'}",0.7963557569191373,0.015291832843592175,0.7245328745328745,0.8565162070021005,0.8019501625135428,0.7357042744602553,0.8587839470989941,294
204,0.1,l1,saga,1,None,"{'model__C': 0.1, 'model__class_weight': None, 'model__max_iter': 1, 'model__solver': 'saga', 'model__penalty': 'l1'}",0.7949867034374076,0.020122784624807905,0.7239981310062172,0.8522594545243447,0.8019501625135428,0.7288919986235082,0.8581405882228766,295
207,0.1,l2,liblinear,6,None,"{'model__C': 0.1, 'model__class_weight': None, 'model__max_iter': 6, 'model__solver': 'liblinear', 'model__penalty': 'l2'}",0.7949768541317838,0.015200685806464888,0.7252220534521419,0.8572881109950075,0.8019501625135428,0.7288919986235082,0.8581405882228766,296
212,0.1,l2,liblinear,11,None,"{'model__C': 0.1, 'model__class_weight': None, 'model__max_iter': 11, 'model__solver': 'liblinear', 'model__penalty': 'l2'}",0.7949768541317838,0.015200685806464888,0.7252220534521419,0.8572881109950075,0.8019501625135428,0.7288919986235082,0.8581405882228766,297
217,0.1,l2,liblinear,16,None,"{'model__C': 0.1, 'model__class_weight': None, 'model__max_iter': 16, 'model__solver': 'liblinear', 'model__penalty': 'l2'}",0.7949768541317838,0.015200685806464888,0.7252220534521419,0.8572881109950075,0.8019501625135428,0.7288919986235082,0.8581405882228766,298
222,0.1,l2,liblinear,21,None,"{'model__C': 0.1, 'model__class_weight': None, 'model__max_iter': 21, 'model__solver': 'liblinear', 'model__penalty': 'l2'}",0.7949768541317838,0.015200685806464888,0.7252220534521419,0.8572881109950075,0.8019501625135428,0.7288919986235082,0.8581405882228766,299
227,0.1,l2,liblinear,26,None,"{'model__C': 0.1, 'model__class_weight': None, 'model__max_iter': 26, 'model__solver': 'liblinear', 'model__penalty': 'l2'}",0.7949768541317838,0.015200685806464888,0.7252220534521419,0.8572881109950075,0.8019501625135428,0.7288919986235082,0.8581405882228766,300
232,0.1,l2,liblinear,31,None,"{'model__C': 0.1, 'model__class_weight': None, 'model__max_iter': 31, 'model__solver': 'liblinear', 'model__penalty': 'l2'}",0.7949768541317838,0.015200685806464888,0.7252220534521419,0.8572881109950075,0.8019501625135428,0.7288919986235082,0.8581405882228766,301
237,0.1,l2,liblinear,36,None,"{'model__C': 0.1, 'model__class_weight': None, 'model__max_iter': 36, 'model__solver': 'liblinear', 'model__penalty': 'l2'}",0.7949768541317838,0.015200685806464888,0.7252220534521419,0.8572881109950075,0.8019501625135428,0.7288919986235082,0.8581405882228766,302
242,0.1,l2,liblinear,41,None,"{'model__C': 0.1, 'model__class_weight': None, 'model__max_iter': 41, 'model__solver': 'liblinear', 'model__penalty': 'l2'}",0.7949768541317838,0.015200685806464888,0.7252220534521419,0.8572881109950075,0.8019501625135428,0.7288919986235082,0.8581405882228766,303
247,0.1,l2,liblinear,46,None,"{'model__C': 0.1, 'model__class_weight': None, 'model__max_iter': 46, 'model__solver': 'liblinear', 'model__penalty': 'l2'}",0.7949768541317838,0.015200685806464888,0.7252220534521419,0.8572881109950075,0.8019501625135428,0.7288919986235082,0.8581405882228766,304
252,0.1,l2,liblinear,51,None,"{'model__C': 0.1, 'model__class_weight': None, 'model__max_iter': 51, 'model__solver': 'liblinear', 'model__penalty': 'l2'}",0.7949768541317838,0.015200685806464888,0.7252220534521419,0.8572881109950075,0.8019501625135428,0.7288919986235082,0.8581405882228766,305
257,0.1,l2,liblinear,56,None,"{'model__C': 0.1, 'model__class_weight': None, 'model__max_iter': 56, 'model__solver': 'liblinear', 'model__penalty': 'l2'}",0.7949768541317838,0.015200685806464888,0.7252220534521419,0.8572881109950075,0.8019501625135428,0.7288919986235082,0.8581405882228766,306
262,0.1,l2,liblinear,61,None,"{'model__C': 0.1, 'model__class_weight': None, 'model__max_iter': 61, 'model__solver': 'liblinear', 'model__penalty': 'l2'}",0.7949768541317838,0.015200685806464888,0.7252220534521419,0.8572881109950075,0.8019501625135428,0.7288919986235082,0.8581405882228766,307
267,0.1,l2,liblinear,66,None,"{'model__C': 0.1, 'model__class_weight': None, 'model__max_iter': 66, 'model__solver': 'liblinear', 'model__penalty': 'l2'}",0.7949768541317838,0.015200685806464888,0.7252220534521419,0.8572881109950075,0.8019501625135428,0.7288919986235082,0.8581405882228766,308
272,0.1,l2,liblinear,71,None,"{'model__C': 0.1, 'model__class_weight': None, 'model__max_iter': 71, 'model__solver': 'liblinear', 'model__penalty': 'l2'}",0.7949768541317838,0.015200685806464888,0.7252220534521419,0.8572881109950075,0.8019501625135428,0.7288919986235082,0.8581405882228766,309
277,0.1,l2,liblinear,76,None,"{'model__C': 0.1, 'model__class_weight': None, 'model__max_iter': 76, 'model__solver': 'liblinear', 'model__penalty': 'l2'}",0.7949768541317838,0.015200685806464888,0.7252220534521419,0.8572881109950075,0.8019501625135428,0.7288919986235082,0.8581405882228766,310
282,0.1,l2,liblinear,81,None,"{'model__C': 0.1, 'model__class_weight': None, 'model__max_iter': 81, 'model__solver': 'liblinear', 'model__penalty': 'l2'}",0.7949768541317838,0.015200685806464888,0.7252220534521419,0.8572881109950075,0.8019501625135428,0.7288919986235082,0.8581405882228766,311
287,0.1,l2,liblinear,86,None,"{'model__C': 0.1, 'model__class_weight': None, 'model__max_iter': 86, 'model__solver': 'liblinear', 'model__penalty': 'l2'}",0.7949768541317838,0.015200685806464888,0.7252220534521419,0.8572881109950075,0.8019501625135428,0.7288919986235082,0.8581405882228766,312
292,0.1,l2,liblinear,91,None,"{'model__C': 0.1, 'model__class_weight': None, 'model__max_iter': 91, 'model__solver': 'liblinear', 'model__penalty': 'l2'}",0.7949768541317838,0.015200685806464888,0.7252220534521419,0.8572881109950075,0.8019501625135428,0.7288919986235082,0.8581405882228766,313
297,0.1,l2,liblinear,96,None,"{'model__C': 0.1, 'model__class_weight': None, 'model__max_iter': 96, 'model__solver': 'liblinear', 'model__penalty': 'l2'}",0.7949768541317838,0.015200685806464888,0.7252220534521419,0.8572881109950075,0.8019501625135428,0.7288919986235082,0.8581405882228766,314
406,1.0,l1,liblinear,6,None,"{'model__C': 1.0, 'model__class_weight': None, 'model__max_iter': 6, 'model__solver': 'liblinear', 'model__penalty': 'l1'}",0.7949670048261597,0.01597785675184053,0.7242568542568544,0.856330850300286,0.8019501625135428,0.7288919986235082,0.8584704938623433,315
408,1.0,l2,lbfgs,6,None,"{'model__C': 1.0, 'model__class_weight': None, 'model__max_iter': 6, 'model__solver': 'lbfgs', 'model__penalty': 'l2'}",0.7949571555205358,0.016685828394108638,0.7218530147101576,0.8562461738598103,0.8019501625135428,0.7294347376648261,0.8584704938623433,316
824,30.0,l1,saga,21,None,"{'model__C': 30.0, 'model__class_weight': None, 'model__max_iter': 21, 'model__solver': 'saga', 'model__penalty': 'l1'}",0.7949473062149119,0.017404712399188355,0.723268652029714,0.8567246392873352,0.8019501625135428,0.7366068772542739,0.8588253617681516,317
829,30.0,l1,saga,26,None,"{'model__C': 30.0, 'model__class_weight': None, 'model__max_iter': 26, 'model__solver': 'saga', 'model__penalty': 'l1'}",0.7949473062149119,0.017404712399188355,0.723268652029714,0.8567246392873352,0.8019501625135428,0.7366068772542739,0.8588253617681516,318
834,30.0,l1,saga,31,None,"{'model__C': 30.0, 'model__class_weight': None, 'model__max_iter': 31, 'model__solver': 'saga', 'model__penalty': 'l1'}",0.7949473062149119,0.017404712399188355,0.723268652029714,0.8567246392873352,0.8019501625135428,0.7366068772542739,0.8588253617681516,319
839,30.0,l1,saga,36,None,"{'model__C': 30.0, 'model__class_weight': None, 'model__max_iter': 36, 'model__solver': 'saga', 'model__penalty': 'l1'}",0.7949473062149119,0.017404712399188355,0.723268652029714,0.8567246392873352,0.8019501625135428,0.7366068772542739,0.8588253617681516,320
844,30.0,l1,saga,41,None,"{'model__C': 30.0, 'model__class_weight': None, 'model__max_iter': 41, 'model__solver': 'saga', 'model__penalty': 'l1'}",0.7949473062149119,0.017404712399188355,0.723268652029714,0.8567246392873352,0.8019501625135428,0.7366068772542739,0.8588253617681516,321
849,30.0,l1,saga,46,None,"{'model__C': 30.0, 'model__class_weight': None, 'model__max_iter': 46, 'model__solver': 'saga', 'model__penalty': 'l1'}",0.7949473062149119,0.017404712399188355,0.723268652029714,0.8567246392873352,0.8019501625135428,0.7366068772542739,0.8588253617681516,322
854,30.0,l1,saga,51,None,"{'model__C': 30.0, 'model__class_weight': None, 'model__max_iter': 51, 'model__solver': 'saga', 'model__penalty': 'l1'}",0.7949473062149119,0.017404712399188355,0.723268652029714,0.8567246392873352,0.8019501625135428,0.7366068772542739,0.8588253617681516,323
859,30.0,l1,saga,56,None,"{'model__C': 30.0, 'model__class_weight': None, 'model__max_iter': 56, 'model__solver': 'saga', 'model__penalty': 'l1'}",0.7949473062149119,0.017404712399188355,0.723268652029714,0.8567246392873352,0.8019501625135428,0.7366068772542739,0.8588253617681516,324
864,30.0,l1,saga,61,None,"{'model__C': 30.0, 'model__class_weight': None, 'model__max_iter': 61, 'model__solver': 'saga', 'model__penalty': 'l1'}",0.7949473062149119,0.017404712399188355,0.723268652029714,0.8567246392873352,0.8019501625135428,0.7366068772542739,0.8588253617681516,325
869,30.0,l1,saga,66,None,"{'model__C': 30.0, 'model__class_weight': None, 'model__max_iter': 66, 'model__solver': 'saga', 'model__penalty': 'l1'}",0.7949473062149119,0.017404712399188355,0.723268652029714,0.8567246392873352,0.8019501625135428,0.7366068772542739,0.8588253617681516,326
874,30.0,l1,saga,71,None,"{'model__C': 30.0, 'model__class_weight': None, 'model__max_iter': 71, 'model__solver': 'saga', 'model__penalty': 'l1'}",0.7949473062149119,0.017404712399188355,0.723268652029714,0.8567246392873352,0.8019501625135428,0.7366068772542739,0.8588253617681516,327
879,30.0,l1,saga,76,None,"{'model__C': 30.0, 'model__class_weight': None, 'model__max_iter': 76, 'model__solver': 'saga', 'model__penalty': 'l1'}",0.7949473062149119,0.017404712399188355,0.723268652029714,0.8567246392873352,0.8019501625135428,0.7366068772542739,0.8588253617681516,328
884,30.0,l1,saga,81,None,"{'model__C': 30.0, 'model__class_weight': None, 'model__max_iter': 81, 'model__solver': 'saga', 'model__penalty': 'l1'}",0.7949473062149119,0.017404712399188355,0.723268652029714,0.8567246392873352,0.8019501625135428,0.7366068772542739,0.8588253617681516,329
889,30.0,l1,saga,86,None,"{'model__C': 30.0, 'model__class_weight': None, 'model__max_iter': 86, 'model__solver': 'saga', 'model__penalty': 'l1'}",0.7949473062149119,0.017404712399188355,0.723268652029714,0.8567246392873352,0.8019501625135428,0.7366068772542739,0.8588253617681516,330
894,30.0,l1,saga,91,None,"{'model__C': 30.0, 'model__class_weight': None, 'model__max_iter': 91, 'model__solver': 'saga', 'model__penalty': 'l1'}",0.7949473062149119,0.017404712399188355,0.723268652029714,0.8567246392873352,0.8019501625135428,0.7366068772542739,0.8588253617681516,331
899,30.0,l1,saga,96,None,"{'model__C': 30.0, 'model__class_weight': None, 'model__max_iter': 96, 'model__solver': 'saga', 'model__penalty': 'l1'}",0.7949473062149119,0.017404712399188355,0.723268652029714,0.8567246392873352,0.8019501625135428,0.7366068772542739,0.8588253617681516,332
616,10.0,l1,liblinear,16,None,"{'model__C': 10.0, 'model__class_weight': None, 'model__max_iter': 16, 'model__solver': 'liblinear', 'model__penalty': 'l1'}",0.7949473062149119,0.017404712399188355,0.723268652029714,0.8565162070021005,0.8019501625135428,0.7357042744602553,0.8587839470989941,333
621,10.0,l1,liblinear,21,None,"{'model__C': 10.0, 'model__class_weight': None, 'model__max_iter': 21, 'model__solver': 'liblinear', 'model__penalty': 'l1'}",0.7949473062149119,0.017404712399188355,0.723268652029714,0.8565162070021005,0.8019501625135428,0.7357042744602553,0.8587839470989941,334
626,10.0,l1,liblinear,26,None,"{'model__C': 10.0, 'model__class_weight': None, 'model__max_iter': 26, 'model__solver': 'liblinear', 'model__penalty': 'l1'}",0.7949473062149119,0.017404712399188355,0.723268652029714,0.8565162070021005,0.8019501625135428,0.7357042744602553,0.8587839470989941,335
631,10.0,l1,liblinear,31,None,"{'model__C': 10.0, 'model__class_weight': None, 'model__max_iter': 31, 'model__solver': 'liblinear', 'model__penalty': 'l1'}",0.7949473062149119,0.017404712399188355,0.723268652029714,0.8565162070021005,0.8019501625135428,0.7357042744602553,0.8587839470989941,336
636,10.0,l1,liblinear,36,None,"{'model__C': 10.0, 'model__class_weight': None, 'model__max_iter': 36, 'model__solver': 'liblinear', 'model__penalty': 'l1'}",0.7949473062149119,0.017404712399188355,0.723268652029714,0.8565162070021005,0.8019501625135428,0.7357042744602553,0.8587839470989941,337
641,10.0,l1,liblinear,41,None,"{'model__C': 10.0, 'model__class_weight': None, 'model__max_iter': 41, 'model__solver': 'liblinear', 'model__penalty': 'l1'}",0.7949473062149119,0.017404712399188355,0.723268652029714,0.8565162070021005,0.8019501625135428,0.7357042744602553,0.8587839470989941,338
646,10.0,l1,liblinear,46,None,"{'model__C': 10.0, 'model__class_weight': None, 'model__max_iter': 46, 'model__solver': 'liblinear', 'model__penalty': 'l1'}",0.7949473062149119,0.017404712399188355,0.723268652029714,0.8565162070021005,0.8019501625135428,0.7357042744602553,0.8587839470989941,339
651,10.0,l1,liblinear,51,None,"{'model__C': 10.0, 'model__class_weight': None, 'model__max_iter': 51, 'model__solver': 'liblinear', 'model__penalty': 'l1'}",0.7949473062149119,0.017404712399188355,0.723268652029714,0.8565162070021005,0.8019501625135428,0.7357042744602553,0.8587839470989941,340
656,10.0,l1,liblinear,56,None,"{'model__C': 10.0, 'model__class_weight': None, 'model__max_iter': 56, 'model__solver': 'liblinear', 'model__penalty': 'l1'}",0.7949473062149119,0.017404712399188355,0.723268652029714,0.8565162070021005,0.8019501625135428,0.7357042744602553,0.8587839470989941,341
661,10.0,l1,liblinear,61,None,"{'model__C': 10.0, 'model__class_weight': None, 'model__max_iter': 61, 'model__solver': 'liblinear', 'model__penalty': 'l1'}",0.7949473062149119,0.017404712399188355,0.723268652029714,0.8565162070021005,0.8019501625135428,0.7357042744602553,0.8587839470989941,342
666,10.0,l1,liblinear,66,None,"{'model__C': 10.0, 'model__class_weight': None, 'model__max_iter': 66, 'model__solver': 'liblinear', 'model__penalty': 'l1'}",0.7949473062149119,0.017404712399188355,0.723268652029714,0.8565162070021005,0.8019501625135428,0.7357042744602553,0.8587839470989941,343
671,10.0,l1,liblinear,71,None,"{'model__C': 10.0, 'model__class_weight': None, 'model__max_iter': 71, 'model__solver': 'liblinear', 'model__penalty': 'l1'}",0.7949473062149119,0.017404712399188355,0.723268652029714,0.8565162070021005,0.8019501625135428,0.7357042744602553,0.8587839470989941,344
676,10.0,l1,liblinear,76,None,"{'model__C': 10.0, 'model__class_weight': None, 'model__max_iter': 76, 'model__solver': 'liblinear', 'model__penalty': 'l1'}",0.7949473062149119,0.017404712399188355,0.723268652029714,0.8565162070021005,0.8019501625135428,0.7357042744602553,0.8587839470989941,345
681,10.0,l1,liblinear,81,None,"{'model__C': 10.0, 'model__class_weight': None, 'model__max_iter': 81, 'model__solver': 'liblinear', 'model__penalty': 'l1'}",0.7949473062149119,0.017404712399188355,0.723268652029714,0.8565162070021005,0.8019501625135428,0.7357042744602553,0.8587839470989941,346
686,10.0,l1,liblinear,86,None,"{'model__C': 10.0, 'model__class_weight': None, 'model__max_iter': 86, 'model__solver': 'liblinear', 'model__penalty': 'l1'}",0.7949473062149119,0.017404712399188355,0.723268652029714,0.8565162070021005,0.8019501625135428,0.7357042744602553,0.8587839470989941,347
691,10.0,l1,liblinear,91,None,"{'model__C': 10.0, 'model__class_weight': None, 'model__max_iter': 91, 'model__solver': 'liblinear', 'model__penalty': 'l1'}",0.7949473062149119,0.017404712399188355,0.723268652029714,0.8565162070021005,0.8019501625135428,0.7357042744602553,0.8587839470989941,348
696,10.0,l1,liblinear,96,None,"{'model__C': 10.0, 'model__class_weight': None, 'model__max_iter': 96, 'model__solver': 'liblinear', 'model__penalty': 'l1'}",0.7949473062149119,0.017404712399188355,0.723268652029714,0.8565162070021005,0.8019501625135428,0.7357042744602553,0.8587839470989941,349
611,10.0,l1,liblinear,11,None,"{'model__C': 10.0, 'model__class_weight': None, 'model__max_iter': 11, 'model__solver': 'liblinear', 'model__penalty': 'l1'}",0.7949473062149119,0.017404712399188355,0.723268652029714,0.8564748846880509,0.8019501625135428,0.7357042744602553,0.8587839470989941,350
808,30.0,l2,lbfgs,6,None,"{'model__C': 30.0, 'model__class_weight': None, 'model__max_iter': 6, 'model__solver': 'lbfgs', 'model__penalty': 'l2'}",0.7949473062149119,0.017404712399188355,0.723268652029714,0.8556292153510021,0.8019501625135428,0.7366068772542739,0.8588253617681516,351
608,10.0,l2,lbfgs,6,None,"{'model__C': 10.0, 'model__class_weight': None, 'model__max_iter': 6, 'model__solver': 'lbfgs', 'model__penalty': 'l2'}",0.7949473062149119,0.017404712399188355,0.723268652029714,0.8551926527553487,0.8019501625135428,0.7357042744602553,0.8587839470989941,352
7,0.01,l2,liblinear,6,None,"{'model__C': 0.01, 'model__class_weight': None, 'model__max_iter': 6, 'model__solver': 'liblinear', 'model__penalty': 'l2'}",0.7935979513444302,0.01952542305246247,0.7258116259187966,0.8516456492827966,0.8019501625135428,0.7258116259187966,0.8516456492827966,353
12,0.01,l2,liblinear,11,None,"{'model__C': 0.01, 'model__class_weight': None, 'model__max_iter': 11, 'model__solver': 'liblinear', 'model__penalty': 'l2'}",0.7935979513444302,0.01952542305246247,0.7258116259187966,0.8516456492827966,0.8019501625135428,0.7258116259187966,0.8521068838858806,354
17,0.01,l2,liblinear,16,None,"{'model__C': 0.01, 'model__class_weight': None, 'model__max_iter': 16, 'model__solver': 'liblinear', 'model__penalty': 'l2'}",0.7935979513444302,0.01952542305246247,0.7258116259187966,0.8516456492827966,0.8019501625135428,0.7258116259187966,0.8521068838858806,355
22,0.01,l2,liblinear,21,None,"{'model__C': 0.01, 'model__class_weight': None, 'model__max_iter': 21, 'model__solver': 'liblinear', 'model__penalty': 'l2'}",0.7935979513444302,0.01952542305246247,0.7258116259187966,0.8516456492827966,0.8019501625135428,0.7258116259187966,0.8521068838858806,356
27,0.01,l2,liblinear,26,None,"{'model__C': 0.01, 'model__class_weight': None, 'model__max_iter': 26, 'model__solver': 'liblinear', 'model__penalty': 'l2'}",0.7935979513444302,0.01952542305246247,0.7258116259187966,0.8516456492827966,0.8019501625135428,0.7258116259187966,0.8521068838858806,357
32,0.01,l2,liblinear,31,None,"{'model__C': 0.01, 'model__class_weight': None, 'model__max_iter': 31, 'model__solver': 'liblinear', 'model__penalty': 'l2'}",0.7935979513444302,0.01952542305246247,0.7258116259187966,0.8516456492827966,0.8019501625135428,0.7258116259187966,0.8521068838858806,358
37,0.01,l2,liblinear,36,None,"{'model__C': 0.01, 'model__class_weight': None, 'model__max_iter': 36, 'model__solver': 'liblinear', 'model__penalty': 'l2'}",0.7935979513444302,0.01952542305246247,0.7258116259187966,0.8516456492827966,0.8019501625135428,0.7258116259187966,0.8521068838858806,359
42,0.01,l2,liblinear,41,None,"{'model__C': 0.01, 'model__class_weight': None, 'model__max_iter': 41, 'model__solver': 'liblinear', 'model__penalty': 'l2'}",0.7935979513444302,0.01952542305246247,0.7258116259187966,0.8516456492827966,0.8019501625135428,0.7258116259187966,0.8521068838858806,360
47,0.01,l2,liblinear,46,None,"{'model__C': 0.01, 'model__class_weight': None, 'model__max_iter': 46, 'model__solver': 'liblinear', 'model__penalty': 'l2'}",0.7935979513444302,0.01952542305246247,0.7258116259187966,0.8516456492827966,0.8019501625135428,0.7258116259187966,0.8521068838858806,361
52,0.01,l2,liblinear,51,None,"{'model__C': 0.01, 'model__class_weight': None, 'model__max_iter': 51, 'model__solver': 'liblinear', 'model__penalty': 'l2'}",0.7935979513444302,0.01952542305246247,0.7258116259187966,0.8516456492827966,0.8019501625135428,0.7258116259187966,0.8521068838858806,362
57,0.01,l2,liblinear,56,None,"{'model__C': 0.01, 'model__class_weight': None, 'model__max_iter': 56, 'model__solver': 'liblinear', 'model__penalty': 'l2'}",0.7935979513444302,0.01952542305246247,0.7258116259187966,0.8516456492827966,0.8019501625135428,0.7258116259187966,0.8521068838858806,363
62,0.01,l2,liblinear,61,None,"{'model__C': 0.01, 'model__class_weight': None, 'model__max_iter': 61, 'model__solver': 'liblinear', 'model__penalty': 'l2'}",0.7935979513444302,0.01952542305246247,0.7258116259187966,0.8516456492827966,0.8019501625135428,0.7258116259187966,0.8521068838858806,364
67,0.01,l2,liblinear,66,None,"{'model__C': 0.01, 'model__class_weight': None, 'model__max_iter': 66, 'model__solver': 'liblinear', 'model__penalty': 'l2'}",0.7935979513444302,0.01952542305246247,0.7258116259187966,0.8516456492827966,0.8019501625135428,0.7258116259187966,0.8521068838858806,365
72,0.01,l2,liblinear,71,None,"{'model__C': 0.01, 'model__class_weight': None, 'model__max_iter': 71, 'model__solver': 'liblinear', 'model__penalty': 'l2'}",0.7935979513444302,0.01952542305246247,0.7258116259187966,0.8516456492827966,0.8019501625135428,0.7258116259187966,0.8521068838858806,366
77,0.01,l2,liblinear,76,None,"{'model__C': 0.01, 'model__class_weight': None, 'model__max_iter': 76, 'model__solver': 'liblinear', 'model__penalty': 'l2'}",0.7935979513444302,0.01952542305246247,0.7258116259187966,0.8516456492827966,0.8019501625135428,0.7258116259187966,0.8521068838858806,367
82,0.01,l2,liblinear,81,None,"{'model__C': 0.01, 'model__class_weight': None, 'model__max_iter': 81, 'model__solver': 'liblinear', 'model__penalty': 'l2'}",0.7935979513444302,0.01952542305246247,0.7258116259187966,0.8516456492827966,0.8019501625135428,0.7258116259187966,0.8521068838858806,368
87,0.01,l2,liblinear,86,None,"{'model__C': 0.01, 'model__class_weight': None, 'model__max_iter': 86, 'model__solver': 'liblinear', 'model__penalty': 'l2'}",0.7935979513444302,0.01952542305246247,0.7258116259187966,0.8516456492827966,0.8019501625135428,0.7258116259187966,0.8521068838858806,369
92,0.01,l2,liblinear,91,None,"{'model__C': 0.01, 'model__class_weight': None, 'model__max_iter': 91, 'model__solver': 'liblinear', 'model__penalty': 'l2'}",0.7935979513444302,0.01952542305246247,0.7258116259187966,0.8516456492827966,0.8019501625135428,0.7258116259187966,0.8521068838858806,370
97,0.01,l2,liblinear,96,None,"{'model__C': 0.01, 'model__class_weight': None, 'model__max_iter': 96, 'model__solver': 'liblinear', 'model__penalty': 'l2'}",0.7935979513444302,0.01952542305246247,0.7258116259187966,0.8516456492827966,0.8019501625135428,0.7258116259187966,0.8521068838858806,371
202,0.1,l2,liblinear,1,None,"{'model__C': 0.1, 'model__class_weight': None, 'model__max_iter': 1, 'model__solver': 'liblinear', 'model__penalty': 'l2'}",0.7935782527331824,0.017648092346169954,0.7187545688057972,0.8581405882228766,0.8019501625135428,0.7288919986235082,0.8581405882228766,372
802,30.0,l2,liblinear,1,None,"{'model__C': 30.0, 'model__class_weight': None, 'model__max_iter': 1, 'model__solver': 'liblinear', 'model__penalty': 'l2'}",0.7935782527331823,0.019768775857605808,0.7188758490298431,0.8588253617681516,0.8019501625135428,0.7366068772542739,0.8588253617681516,373
602,10.0,l2,liblinear,1,None,"{'model__C': 10.0, 'model__class_weight': None, 'model__max_iter': 1, 'model__solver': 'liblinear', 'model__penalty': 'l2'}",0.7935782527331823,0.019768775857605808,0.7188758490298431,0.8587839470989941,0.8019501625135428,0.7357042744602553,0.8587839470989941,374
402,1.0,l2,liblinear,1,None,"{'model__C': 1.0, 'model__class_weight': None, 'model__max_iter': 1, 'model__solver': 'liblinear', 'model__penalty': 'l2'}",0.7935782527331823,0.019768775857605808,0.7188758490298431,0.8584704938623433,0.8019501625135428,0.7288919986235082,0.8584704938623433,375
416,1.0,l1,liblinear,16,None,"{'model__C': 1.0, 'model__class_weight': None, 'model__max_iter': 16, 'model__solver': 'liblinear', 'model__penalty': 'l1'}",0.7935585541219344,0.01790150246872411,0.721940251940252,0.8562260008654994,0.8019501625135428,0.7294347376648261,0.8584704938623433,376
421,1.0,l1,liblinear,21,None,"{'model__C': 1.0, 'model__class_weight': None, 'model__max_iter': 21, 'model__solver': 'liblinear', 'model__penalty': 'l1'}",0.7935585541219344,0.01790150246872411,0.721940251940252,0.8562260008654994,0.8019501625135428,0.7294347376648261,0.8584704938623433,377
426,1.0,l1,liblinear,26,None,"{'model__C': 1.0, 'model__class_weight': None, 'model__max_iter': 26, 'model__solver': 'liblinear', 'model__penalty': 'l1'}",0.7935585541219344,0.01790150246872411,0.721940251940252,0.8562260008654994,0.8019501625135428,0.7294347376648261,0.8584704938623433,378
431,1.0,l1,liblinear,31,None,"{'model__C': 1.0, 'model__class_weight': None, 'model__max_iter': 31, 'model__solver': 'liblinear', 'model__penalty': 'l1'}",0.7935585541219344,0.01790150246872411,0.721940251940252,0.8562260008654994,0.8019501625135428,0.7294347376648261,0.8584704938623433,379
436,1.0,l1,liblinear,36,None,"{'model__C': 1.0, 'model__class_weight': None, 'model__max_iter': 36, 'model__solver': 'liblinear', 'model__penalty': 'l1'}",0.7935585541219344,0.01790150246872411,0.721940251940252,0.8562260008654994,0.8019501625135428,0.7294347376648261,0.8584704938623433,380
441,1.0,l1,liblinear,41,None,"{'model__C': 1.0, 'model__class_weight': None, 'model__max_iter': 41, 'model__solver': 'liblinear', 'model__penalty': 'l1'}",0.7935585541219344,0.01790150246872411,0.721940251940252,0.8562260008654994,0.8019501625135428,0.7294347376648261,0.8584704938623433,381
446,1.0,l1,liblinear,46,None,"{'model__C': 1.0, 'model__class_weight': None, 'model__max_iter': 46, 'model__solver': 'liblinear', 'model__penalty': 'l1'}",0.7935585541219344,0.01790150246872411,0.721940251940252,0.8562260008654994,0.8019501625135428,0.7294347376648261,0.8584704938623433,382
451,1.0,l1,liblinear,51,None,"{'model__C': 1.0, 'model__class_weight': None, 'model__max_iter': 51, 'model__solver': 'liblinear', 'model__penalty': 'l1'}",0.7935585541219344,0.01790150246872411,0.721940251940252,0.8562260008654994,0.8019501625135428,0.7294347376648261,0.8584704938623433,383
456,1.0,l1,liblinear,56,None,"{'model__C': 1.0, 'model__class_weight': None, 'model__max_iter': 56, 'model__solver': 'liblinear', 'model__penalty': 'l1'}",0.7935585541219344,0.01790150246872411,0.721940251940252,0.8562260008654994,0.8019501625135428,0.7294347376648261,0.8584704938623433,384
461,1.0,l1,liblinear,61,None,"{'model__C': 1.0, 'model__class_weight': None, 'model__max_iter': 61, 'model__solver': 'liblinear', 'model__penalty': 'l1'}",0.7935585541219344,0.01790150246872411,0.721940251940252,0.8562260008654994,0.8019501625135428,0.7294347376648261,0.8584704938623433,385
466,1.0,l1,liblinear,66,None,"{'model__C': 1.0, 'model__class_weight': None, 'model__max_iter': 66, 'model__solver': 'liblinear', 'model__penalty': 'l1'}",0.7935585541219344,0.01790150246872411,0.721940251940252,0.8562260008654994,0.8019501625135428,0.7294347376648261,0.8584704938623433,386
471,1.0,l1,liblinear,71,None,"{'model__C': 1.0, 'model__class_weight': None, 'model__max_iter': 71, 'model__solver': 'liblinear', 'model__penalty': 'l1'}",0.7935585541219344,0.01790150246872411,0.721940251940252,0.8562260008654994,0.8019501625135428,0.7294347376648261,0.8584704938623433,387
476,1.0,l1,liblinear,76,None,"{'model__C': 1.0, 'model__class_weight': None, 'model__max_iter': 76, 'model__solver': 'liblinear', 'model__penalty': 'l1'}",0.7935585541219344,0.01790150246872411,0.721940251940252,0.8562260008654994,0.8019501625135428,0.7294347376648261,0.8584704938623433,388
481,1.0,l1,liblinear,81,None,"{'model__C': 1.0, 'model__class_weight': None, 'model__max_iter': 81, 'model__solver': 'liblinear', 'model__penalty': 'l1'}",0.7935585541219344,0.01790150246872411,0.721940251940252,0.8562260008654994,0.8019501625135428,0.7294347376648261,0.8584704938623433,389
486,1.0,l1,liblinear,86,None,"{'model__C': 1.0, 'model__class_weight': None, 'model__max_iter': 86, 'model__solver': 'liblinear', 'model__penalty': 'l1'}",0.7935585541219344,0.01790150246872411,0.721940251940252,0.8562260008654994,0.8019501625135428,0.7294347376648261,0.8584704938623433,390
491,1.0,l1,liblinear,91,None,"{'model__C': 1.0, 'model__class_weight': None, 'model__max_iter': 91, 'model__solver': 'liblinear', 'model__penalty': 'l1'}",0.7935585541219344,0.01790150246872411,0.721940251940252,0.8562260008654994,0.8019501625135428,0.7294347376648261,0.8584704938623433,391
496,1.0,l1,liblinear,96,None,"{'model__C': 1.0, 'model__class_weight': None, 'model__max_iter': 96, 'model__solver': 'liblinear', 'model__penalty': 'l1'}",0.7935585541219344,0.01790150246872411,0.721940251940252,0.8562260008654994,0.8019501625135428,0.7294347376648261,0.8584704938623433,392
411,1.0,l1,liblinear,11,None,"{'model__C': 1.0, 'model__class_weight': None, 'model__max_iter': 11, 'model__solver': 'liblinear', 'model__penalty': 'l1'}",0.7935585541219344,0.01790150246872411,0.721940251940252,0.8562057223224935,0.8019501625135428,0.7294347376648261,0.8584704938623433,393
409,1.0,l1,saga,6,None,"{'model__C': 1.0, 'model__class_weight': None, 'model__max_iter': 6, 'model__solver': 'saga', 'model__penalty': 'l1'}",0.7935585541219344,0.014875386426109775,0.7218392718392719,0.8565434781461427,0.8019501625135428,0.7294347376648261,0.8584704938623433,394
4,0.01,l1,saga,1,None,"{'model__C': 0.01, 'model__class_weight': None, 'model__max_iter': 1, 'model__solver': 'saga', 'model__penalty': 'l1'}",0.7921993499458287,0.023570822699353264,0.7063896284203681,0.8428356580433383,0.7921993499458287,0.7191968112402896,0.8508818593458092,395
214,0.1,l1,saga,11,None,"{'model__C': 0.1, 'model__class_weight': None, 'model__max_iter': 11, 'model__solver': 'saga', 'model__penalty': 'l1'}",0.7921796513345809,0.020652023468629342,0.71805280310623,0.8506585051138342,0.8019501625135428,0.7288919986235082,0.8581405882228766,396
219,0.1,l1,saga,16,None,"{'model__C': 0.1, 'model__class_weight': None, 'model__max_iter': 16, 'model__solver': 'saga', 'model__penalty': 'l1'}",0.7921796513345809,0.020652023468629342,0.71805280310623,0.8506179480278225,0.8019501625135428,0.7288919986235082,0.8581405882228766,397
224,0.1,l1,saga,21,None,"{'model__C': 0.1, 'model__class_weight': None, 'model__max_iter': 21, 'model__solver': 'saga', 'model__penalty': 'l1'}",0.7921796513345809,0.020652023468629342,0.71805280310623,0.8505972868707978,0.8019501625135428,0.7288919986235082,0.8581405882228766,398
229,0.1,l1,saga,26,None,"{'model__C': 0.1, 'model__class_weight': None, 'model__max_iter': 26, 'model__solver': 'saga', 'model__penalty': 'l1'}",0.7921796513345809,0.020652023468629342,0.71805280310623,0.8505142596286797,0.8019501625135428,0.7288919986235082,0.8581405882228766,399
234,0.1,l1,saga,31,None,"{'model__C': 0.1, 'model__class_weight': None, 'model__max_iter': 31, 'model__solver': 'saga', 'model__penalty': 'l1'}",0.7921796513345809,0.020652023468629342,0.71805280310623,0.8505142596286797,0.8019501625135428,0.7288919986235082,0.8581405882228766,400
239,0.1,l1,saga,36,None,"{'model__C': 0.1, 'model__class_weight': None, 'model__max_iter': 36, 'model__solver': 'saga', 'model__penalty': 'l1'}",0.7921796513345809,0.020652023468629342,0.71805280310623,0.8505142596286797,0.8019501625135428,0.7288919986235082,0.8581405882228766,401
244,0.1,l1,saga,41,None,"{'model__C': 0.1, 'model__class_weight': None, 'model__max_iter': 41, 'model__solver': 'saga', 'model__penalty': 'l1'}",0.7921796513345809,0.020652023468629342,0.71805280310623,0.8505142596286797,0.8019501625135428,0.7288919986235082,0.8581405882228766,402
249,0.1,l1,saga,46,None,"{'model__C': 0.1, 'model__class_weight': None, 'model__max_iter': 46, 'model__solver': 'saga', 'model__penalty': 'l1'}",0.7921796513345809,0.020652023468629342,0.71805280310623,0.8505142596286797,0.8019501625135428,0.7288919986235082,0.8581405882228766,403
254,0.1,l1,saga,51,None,"{'model__C': 0.1, 'model__class_weight': None, 'model__max_iter': 51, 'model__solver': 'saga', 'model__penalty': 'l1'}",0.7921796513345809,0.020652023468629342,0.71805280310623,0.8505142596286797,0.8019501625135428,0.7288919986235082,0.8581405882228766,404
259,0.1,l1,saga,56,None,"{'model__C': 0.1, 'model__class_weight': None, 'model__max_iter': 56, 'model__solver': 'saga', 'model__penalty': 'l1'}",0.7921796513345809,0.020652023468629342,0.71805280310623,0.8505142596286797,0.8019501625135428,0.7288919986235082,0.8581405882228766,405
264,0.1,l1,saga,61,None,"{'model__C': 0.1, 'model__class_weight': None, 'model__max_iter': 61, 'model__solver': 'saga', 'model__penalty': 'l1'}",0.7921796513345809,0.020652023468629342,0.71805280310623,0.8505142596286797,0.8019501625135428,0.7288919986235082,0.8581405882228766,406
269,0.1,l1,saga,66,None,"{'model__C': 0.1, 'model__class_weight': None, 'model__max_iter': 66, 'model__solver': 'saga', 'model__penalty': 'l1'}",0.7921796513345809,0.020652023468629342,0.71805280310623,0.8505142596286797,0.8019501625135428,0.7288919986235082,0.8581405882228766,407
274,0.1,l1,saga,71,None,"{'model__C': 0.1, 'model__class_weight': None, 'model__max_iter': 71, 'model__solver': 'saga', 'model__penalty': 'l1'}",0.7921796513345809,0.020652023468629342,0.71805280310623,0.8505142596286797,0.8019501625135428,0.7288919986235082,0.8581405882228766,408
279,0.1,l1,saga,76,None,"{'model__C': 0.1, 'model__class_weight': None, 'model__max_iter': 76, 'model__solver': 'saga', 'model__penalty': 'l1'}",0.7921796513345809,0.020652023468629342,0.71805280310623,0.8505142596286797,0.8019501625135428,0.7288919986235082,0.8581405882228766,409
284,0.1,l1,saga,81,None,"{'model__C': 0.1, 'model__class_weight': None, 'model__max_iter': 81, 'model__solver': 'saga', 'model__penalty': 'l1'}",0.7921796513345809,0.020652023468629342,0.71805280310623,0.8505142596286797,0.8019501625135428,0.7288919986235082,0.8581405882228766,410
289,0.1,l1,saga,86,None,"{'model__C': 0.1, 'model__class_weight': None, 'model__max_iter': 86, 'model__solver': 'saga', 'model__penalty': 'l1'}",0.7921796513345809,0.020652023468629342,0.71805280310623,0.8505142596286797,0.8019501625135428,0.7288919986235082,0.8581405882228766,411
294,0.1,l1,saga,91,None,"{'model__C': 0.1, 'model__class_weight': None, 'model__max_iter': 91, 'model__solver': 'saga', 'model__penalty': 'l1'}",0.7921796513345809,0.020652023468629342,0.71805280310623,0.8505142596286797,0.8019501625135428,0.7288919986235082,0.8581405882228766,412
299,0.1,l1,saga,96,None,"{'model__C': 0.1, 'model__class_weight': None, 'model__max_iter': 96, 'model__solver': 'saga', 'model__penalty': 'l1'}",0.7921796513345809,0.020652023468629342,0.71805280310623,0.8505142596286797,0.8019501625135428,0.7288919986235082,0.8581405882228766,413
454,1.0,l1,saga,51,None,"{'model__C': 1.0, 'model__class_weight': None, 'model__max_iter': 51, 'model__solver': 'saga', 'model__penalty': 'l1'}",0.7921501034177091,0.016807187117689405,0.7195226695226695,0.8563920553497356,0.8019501625135428,0.7294347376648261,0.8584704938623433,414
474,1.0,l1,saga,71,None,"{'model__C': 1.0, 'model__class_weight': None, 'model__max_iter': 71, 'model__solver': 'saga', 'model__penalty': 'l1'}",0.7921501034177091,0.016807187117689405,0.7195226695226695,0.8563920553497356,0.8019501625135428,0.7294347376648261,0.8584704938623433,415
464,1.0,l1,saga,61,None,"{'model__C': 1.0, 'model__class_weight': None, 'model__max_iter': 61, 'model__solver': 'saga', 'model__penalty': 'l1'}",0.7921501034177091,0.016807187117689405,0.7195226695226695,0.8563713941927109,0.8019501625135428,0.7294347376648261,0.8584704938623433,416
484,1.0,l1,saga,81,None,"{'model__C': 1.0, 'model__class_weight': None, 'model__max_iter': 81, 'model__solver': 'saga', 'model__penalty': 'l1'}",0.7921501034177091,0.016807187117689405,0.7195226695226695,0.8563710115786918,0.8019501625135428,0.7294347376648261,0.8584704938623433,417
469,1.0,l1,saga,66,None,"{'model__C': 1.0, 'model__class_weight': None, 'model__max_iter': 66, 'model__solver': 'saga', 'model__penalty': 'l1'}",0.7921501034177091,0.016807187117689405,0.7195226695226695,0.856350733035686,0.8019501625135428,0.7294347376648261,0.8584704938623433,418
479,1.0,l1,saga,76,None,"{'model__C': 1.0, 'model__class_weight': None, 'model__max_iter': 76, 'model__solver': 'saga', 'model__penalty': 'l1'}",0.7921501034177091,0.016807187117689405,0.7195226695226695,0.856350733035686,0.8019501625135428,0.7294347376648261,0.8584704938623433,419
414,1.0,l1,saga,11,None,"{'model__C': 1.0, 'model__class_weight': None, 'model__max_iter': 11, 'model__solver': 'saga', 'model__penalty': 'l1'}",0.7921501034177091,0.016807187117689405,0.7195226695226695,0.8563296892646421,0.8019501625135428,0.7294347376648261,0.8584704938623433,420
444,1.0,l1,saga,41,None,"{'model__C': 1.0, 'model__class_weight': None, 'model__max_iter': 41, 'model__solver': 'saga', 'model__penalty': 'l1'}",0.7921501034177091,0.016807187117689405,0.7195226695226695,0.8563289240366043,0.8019501625135428,0.7294347376648261,0.8584704938623433,421
449,1.0,l1,saga,46,None,"{'model__C': 1.0, 'model__class_weight': None, 'model__max_iter': 46, 'model__solver': 'saga', 'model__penalty': 'l1'}",0.7921501034177091,0.016807187117689405,0.7195226695226695,0.8563289240366043,0.8019501625135428,0.7294347376648261,0.8584704938623433,422
489,1.0,l1,saga,86,None,"{'model__C': 1.0, 'model__class_weight': None, 'model__max_iter': 86, 'model__solver': 'saga', 'model__penalty': 'l1'}",0.7921501034177091,0.016807187117689405,0.7195226695226695,0.8562883669505927,0.8019501625135428,0.7294347376648261,0.8584704938623433,423
434,1.0,l1,saga,31,None,"{'model__C': 1.0, 'model__class_weight': None, 'model__max_iter': 31, 'model__solver': 'saga', 'model__penalty': 'l1'}",0.7921501034177091,0.016807187117689405,0.7195226695226695,0.8562875093674467,0.8019501625135428,0.7294347376648261,0.8584704938623433,424
419,1.0,l1,saga,16,None,"{'model__C': 1.0, 'model__class_weight': None, 'model__max_iter': 16, 'model__solver': 'saga', 'model__penalty': 'l1'}",0.7921501034177091,0.016807187117689405,0.7195226695226695,0.8562660829823839,0.8019501625135428,0.7294347376648261,0.8584704938623433,425
424,1.0,l1,saga,21,None,"{'model__C': 1.0, 'model__class_weight': None, 'model__max_iter': 21, 'model__solver': 'saga', 'model__penalty': 'l1'}",0.7921501034177091,0.016807187117689405,0.7195226695226695,0.8562660829823839,0.8019501625135428,0.7294347376648261,0.8584704938623433,426
439,1.0,l1,saga,36,None,"{'model__C': 1.0, 'model__class_weight': None, 'model__max_iter': 36, 'model__solver': 'saga', 'model__penalty': 'l1'}",0.7921501034177091,0.016807187117689405,0.7195226695226695,0.8562660829823839,0.8019501625135428,0.7294347376648261,0.8584704938623433,427
494,1.0,l1,saga,91,None,"{'model__C': 1.0, 'model__class_weight': None, 'model__max_iter': 91, 'model__solver': 'saga', 'model__penalty': 'l1'}",0.7921501034177091,0.016807187117689405,0.7195226695226695,0.8562470446365431,0.8019501625135428,0.7294347376648261,0.8584704938623433,428
499,1.0,l1,saga,96,None,"{'model__C': 1.0, 'model__class_weight': None, 'model__max_iter': 96, 'model__solver': 'saga', 'model__penalty': 'l1'}",0.7921501034177091,0.016807187117689405,0.7195226695226695,0.8562470446365431,0.8019501625135428,0.7294347376648261,0.8584704938623433,429
429,1.0,l1,saga,26,None,"{'model__C': 1.0, 'model__class_weight': None, 'model__max_iter': 26, 'model__solver': 'saga', 'model__penalty': 'l1'}",0.7921501034177091,0.016807187117689405,0.7195226695226695,0.8562458044393783,0.8019501625135428,0.7294347376648261,0.8584704938623433,430
459,1.0,l1,saga,56,None,"{'model__C': 1.0, 'model__class_weight': None, 'model__max_iter': 56, 'model__solver': 'saga', 'model__penalty': 'l1'}",0.7921501034177091,0.016807187117689405,0.7195226695226695,0.8562455141804672,0.8019501625135428,0.7294347376648261,0.8584704938623433,431
104,0.01,l1,saga,1,balanced,"{'model__C': 0.01, 'model__class_weight': 'balanced', 'model__max_iter': 1, 'model__solver': 'saga', 'model__penalty': 'l1'}",0.789382448537378,0.022086909196189053,0.714252986460974,0.841782400810614,0.8019501625135428,0.7258116259187966,0.8524753016053956,432
101,0.01,l1,liblinear,1,balanced,"{'model__C': 0.01, 'model__class_weight': 'balanced', 'model__max_iter': 1, 'model__solver': 'liblinear', 'model__penalty': 'l1'}",0.789382448537378,0.022086909196189053,0.714252986460974,0.8069965986933072,0.8019501625135428,0.7258116259187966,0.8521068838858806,433
1,0.01,l1,liblinear,1,None,"{'model__C': 0.01, 'model__class_weight': None, 'model__max_iter': 1, 'model__solver': 'liblinear', 'model__penalty': 'l1'}",0.789382448537378,0.022086909196189053,0.714252986460974,0.7780642633228841,0.789382448537378,0.714252986460974,0.7780642633228841,434
6,0.01,l1,liblinear,6,None,"{'model__C': 0.01, 'model__class_weight': None, 'model__max_iter': 6, 'model__solver': 'liblinear', 'model__penalty': 'l1'}",0.789382448537378,0.022086909196189053,0.714252986460974,0.7703622431208639,0.8019501625135428,0.7191968112402896,0.8512130183760277,435
11,0.01,l1,liblinear,11,None,"{'model__C': 0.01, 'model__class_weight': None, 'model__max_iter': 11, 'model__solver': 'liblinear', 'model__penalty': 'l1'}",0.789382448537378,0.022086909196189053,0.714252986460974,0.7703622431208639,0.8019501625135428,0.7258116259187966,0.8521068838858806,436
16,0.01,l1,liblinear,16,None,"{'model__C': 0.01, 'model__class_weight': None, 'model__max_iter': 16, 'model__solver': 'liblinear', 'model__penalty': 'l1'}",0.789382448537378,0.022086909196189053,0.714252986460974,0.7703622431208639,0.8019501625135428,0.7258116259187966,0.8521068838858806,437
21,0.01,l1,liblinear,21,None,"{'model__C': 0.01, 'model__class_weight': None, 'model__max_iter': 21, 'model__solver': 'liblinear', 'model__penalty': 'l1'}",0.789382448537378,0.022086909196189053,0.714252986460974,0.7703622431208639,0.8019501625135428,0.7258116259187966,0.8521068838858806,438
26,0.01,l1,liblinear,26,None,"{'model__C': 0.01, 'model__class_weight': None, 'model__max_iter': 26, 'model__solver': 'liblinear', 'model__penalty': 'l1'}",0.789382448537378,0.022086909196189053,0.714252986460974,0.7703622431208639,0.8019501625135428,0.7258116259187966,0.8521068838858806,439
31,0.01,l1,liblinear,31,None,"{'model__C': 0.01, 'model__class_weight': None, 'model__max_iter': 31, 'model__solver': 'liblinear', 'model__penalty': 'l1'}",0.789382448537378,0.022086909196189053,0.714252986460974,0.7703622431208639,0.8019501625135428,0.7258116259187966,0.8521068838858806,440
36,0.01,l1,liblinear,36,None,"{'model__C': 0.01, 'model__class_weight': None, 'model__max_iter': 36, 'model__solver': 'liblinear', 'model__penalty': 'l1'}",0.789382448537378,0.022086909196189053,0.714252986460974,0.7703622431208639,0.8019501625135428,0.7258116259187966,0.8521068838858806,441
41,0.01,l1,liblinear,41,None,"{'model__C': 0.01, 'model__class_weight': None, 'model__max_iter': 41, 'model__solver': 'liblinear', 'model__penalty': 'l1'}",0.789382448537378,0.022086909196189053,0.714252986460974,0.7703622431208639,0.8019501625135428,0.7258116259187966,0.8521068838858806,442
46,0.01,l1,liblinear,46,None,"{'model__C': 0.01, 'model__class_weight': None, 'model__max_iter': 46, 'model__solver': 'liblinear', 'model__penalty': 'l1'}",0.789382448537378,0.022086909196189053,0.714252986460974,0.7703622431208639,0.8019501625135428,0.7258116259187966,0.8521068838858806,443
51,0.01,l1,liblinear,51,None,"{'model__C': 0.01, 'model__class_weight': None, 'model__max_iter': 51, 'model__solver': 'liblinear', 'model__penalty': 'l1'}",0.789382448537378,0.022086909196189053,0.714252986460974,0.7703622431208639,0.8019501625135428,0.7258116259187966,0.8521068838858806,444
56,0.01,l1,liblinear,56,None,"{'model__C': 0.01, 'model__class_weight': None, 'model__max_iter': 56, 'model__solver': 'liblinear', 'model__penalty': 'l1'}",0.789382448537378,0.022086909196189053,0.714252986460974,0.7703622431208639,0.8019501625135428,0.7258116259187966,0.8521068838858806,445
61,0.01,l1,liblinear,61,None,"{'model__C': 0.01, 'model__class_weight': None, 'model__max_iter': 61, 'model__solver': 'liblinear', 'model__penalty': 'l1'}",0.789382448537378,0.022086909196189053,0.714252986460974,0.7703622431208639,0.8019501625135428,0.7258116259187966,0.8521068838858806,446
66,0.01,l1,liblinear,66,None,"{'model__C': 0.01, 'model__class_weight': None, 'model__max_iter': 66, 'model__solver': 'liblinear', 'model__penalty': 'l1'}",0.789382448537378,0.022086909196189053,0.714252986460974,0.7703622431208639,0.8019501625135428,0.7258116259187966,0.8521068838858806,447
71,0.01,l1,liblinear,71,None,"{'model__C': 0.01, 'model__class_weight': None, 'model__max_iter': 71, 'model__solver': 'liblinear', 'model__penalty': 'l1'}",0.789382448537378,0.022086909196189053,0.714252986460974,0.7703622431208639,0.8019501625135428,0.7258116259187966,0.8521068838858806,448
76,0.01,l1,liblinear,76,None,"{'model__C': 0.01, 'model__class_weight': None, 'model__max_iter': 76, 'model__solver': 'liblinear', 'model__penalty': 'l1'}",0.789382448537378,0.022086909196189053,0.714252986460974,0.7703622431208639,0.8019501625135428,0.7258116259187966,0.8521068838858806,449
81,0.01,l1,liblinear,81,None,"{'model__C': 0.01, 'model__class_weight': None, 'model__max_iter': 81, 'model__solver': 'liblinear', 'model__penalty': 'l1'}",0.789382448537378,0.022086909196189053,0.714252986460974,0.7703622431208639,0.8019501625135428,0.7258116259187966,0.8521068838858806,450
86,0.01,l1,liblinear,86,None,"{'model__C': 0.01, 'model__class_weight': None, 'model__max_iter': 86, 'model__solver': 'liblinear', 'model__penalty': 'l1'}",0.789382448537378,0.022086909196189053,0.714252986460974,0.7703622431208639,0.8019501625135428,0.7258116259187966,0.8521068838858806,451
91,0.01,l1,liblinear,91,None,"{'model__C': 0.01, 'model__class_weight': None, 'model__max_iter': 91, 'model__solver': 'liblinear', 'model__penalty': 'l1'}",0.789382448537378,0.022086909196189053,0.714252986460974,0.7703622431208639,0.8019501625135428,0.7258116259187966,0.8521068838858806,452
96,0.01,l1,liblinear,96,None,"{'model__C': 0.01, 'model__class_weight': None, 'model__max_iter': 96, 'model__solver': 'liblinear', 'model__penalty': 'l1'}",0.789382448537378,0.022086909196189053,0.714252986460974,0.7703622431208639,0.8019501625135428,0.7258116259187966,0.8521068838858806,453
106,0.01,l1,liblinear,6,balanced,"{'model__C': 0.01, 'model__class_weight': 'balanced', 'model__max_iter': 6, 'model__solver': 'liblinear', 'model__penalty': 'l1'}",0.789382448537378,0.022086909196189053,0.714252986460974,0.7703622431208639,0.8019501625135428,0.7258116259187966,0.8524753016053956,454
109,0.01,l1,saga,6,balanced,"{'model__C': 0.01, 'model__class_weight': 'balanced', 'model__max_iter': 6, 'model__solver': 'saga', 'model__penalty': 'l1'}",0.789382448537378,0.022086909196189053,0.714252986460974,0.7703622431208639,0.8019501625135428,0.7288919986235082,0.8524753016053956,455
111,0.01,l1,liblinear,11,balanced,"{'model__C': 0.01, 'model__class_weight': 'balanced', 'model__max_iter': 11, 'model__solver': 'liblinear', 'model__penalty': 'l1'}",0.789382448537378,0.022086909196189053,0.714252986460974,0.7703622431208639,0.8019501625135428,0.7288919986235082,0.8524753016053956,456
114,0.01,l1,saga,11,balanced,"{'model__C': 0.01, 'model__class_weight': 'balanced', 'model__max_iter': 11, 'model__solver': 'saga', 'model__penalty': 'l1'}",0.789382448537378,0.022086909196189053,0.714252986460974,0.7703622431208639,0.8019501625135428,0.7288919986235082,0.8524753016053956,457
116,0.01,l1,liblinear,16,balanced,"{'model__C': 0.01, 'model__class_weight': 'balanced', 'model__max_iter': 16, 'model__solver': 'liblinear', 'model__penalty': 'l1'}",0.789382448537378,0.022086909196189053,0.714252986460974,0.7703622431208639,0.8019501625135428,0.7288919986235082,0.8524753016053956,458
119,0.01,l1,saga,16,balanced,"{'model__C': 0.01, 'model__class_weight': 'balanced', 'model__max_iter': 16, 'model__solver': 'saga', 'model__penalty': 'l1'}",0.789382448537378,0.022086909196189053,0.714252986460974,0.7703622431208639,0.8019501625135428,0.7288919986235082,0.8524753016053956,459
121,0.01,l1,liblinear,21,balanced,"{'model__C': 0.01, 'model__class_weight': 'balanced', 'model__max_iter': 21, 'model__solver': 'liblinear', 'model__penalty': 'l1'}",0.789382448537378,0.022086909196189053,0.714252986460974,0.7703622431208639,0.8019501625135428,0.7288919986235082,0.8524753016053956,460
124,0.01,l1,saga,21,balanced,"{'model__C': 0.01, 'model__class_weight': 'balanced', 'model__max_iter': 21, 'model__solver': 'saga', 'model__penalty': 'l1'}",0.789382448537378,0.022086909196189053,0.714252986460974,0.7703622431208639,0.8019501625135428,0.7288919986235082,0.8524753016053956,461
126,0.01,l1,liblinear,26,balanced,"{'model__C': 0.01, 'model__class_weight': 'balanced', 'model__max_iter': 26, 'model__solver': 'liblinear', 'model__penalty': 'l1'}",0.789382448537378,0.022086909196189053,0.714252986460974,0.7703622431208639,0.8019501625135428,0.7288919986235082,0.8524753016053956,462
129,0.01,l1,saga,26,balanced,"{'model__C': 0.01, 'model__class_weight': 'balanced', 'model__max_iter': 26, 'model__solver': 'saga', 'model__penalty': 'l1'}",0.789382448537378,0.022086909196189053,0.714252986460974,0.7703622431208639,0.8019501625135428,0.7288919986235082,0.8524753016053956,463
131,0.01,l1,liblinear,31,balanced,"{'model__C': 0.01, 'model__class_weight': 'balanced', 'model__max_iter': 31, 'model__solver': 'liblinear', 'model__penalty': 'l1'}",0.789382448537378,0.022086909196189053,0.714252986460974,0.7703622431208639,0.8019501625135428,0.7288919986235082,0.8524753016053956,464
134,0.01,l1,saga,31,balanced,"{'model__C': 0.01, 'model__class_weight': 'balanced', 'model__max_iter': 31, 'model__solver': 'saga', 'model__penalty': 'l1'}",0.789382448537378,0.022086909196189053,0.714252986460974,0.7703622431208639,0.8019501625135428,0.7288919986235082,0.8524753016053956,465
136,0.01,l1,liblinear,36,balanced,"{'model__C': 0.01, 'model__class_weight': 'balanced', 'model__max_iter': 36, 'model__solver': 'liblinear', 'model__penalty': 'l1'}",0.789382448537378,0.022086909196189053,0.714252986460974,0.7703622431208639,0.8019501625135428,0.7288919986235082,0.8524753016053956,466
139,0.01,l1,saga,36,balanced,"{'model__C': 0.01, 'model__class_weight': 'balanced', 'model__max_iter': 36, 'model__solver': 'saga', 'model__penalty': 'l1'}",0.789382448537378,0.022086909196189053,0.714252986460974,0.7703622431208639,0.8019501625135428,0.7288919986235082,0.8524753016053956,467
141,0.01,l1,liblinear,41,balanced,"{'model__C': 0.01, 'model__class_weight': 'balanced', 'model__max_iter': 41, 'model__solver': 'liblinear', 'model__penalty': 'l1'}",0.789382448537378,0.022086909196189053,0.714252986460974,0.7703622431208639,0.8019501625135428,0.7288919986235082,0.8524753016053956,468
144,0.01,l1,saga,41,balanced,"{'model__C': 0.01, 'model__class_weight': 'balanced', 'model__max_iter': 41, 'model__solver': 'saga', 'model__penalty': 'l1'}",0.789382448537378,0.022086909196189053,0.714252986460974,0.7703622431208639,0.8019501625135428,0.7288919986235082,0.8524753016053956,469
146,0.01,l1,liblinear,46,balanced,"{'model__C': 0.01, 'model__class_weight': 'balanced', 'model__max_iter': 46, 'model__solver': 'liblinear', 'model__penalty': 'l1'}",0.789382448537378,0.022086909196189053,0.714252986460974,0.7703622431208639,0.8019501625135428,0.7288919986235082,0.8524753016053956,470
149,0.01,l1,saga,46,balanced,"{'model__C': 0.01, 'model__class_weight': 'balanced', 'model__max_iter': 46, 'model__solver': 'saga', 'model__penalty': 'l1'}",0.789382448537378,0.022086909196189053,0.714252986460974,0.7703622431208639,0.8019501625135428,0.7288919986235082,0.8524753016053956,471
151,0.01,l1,liblinear,51,balanced,"{'model__C': 0.01, 'model__class_weight': 'balanced', 'model__max_iter': 51, 'model__solver': 'liblinear', 'model__penalty': 'l1'}",0.789382448537378,0.022086909196189053,0.714252986460974,0.7703622431208639,0.8019501625135428,0.7288919986235082,0.8524753016053956,472
154,0.01,l1,saga,51,balanced,"{'model__C': 0.01, 'model__class_weight': 'balanced', 'model__max_iter': 51, 'model__solver': 'saga', 'model__penalty': 'l1'}",0.789382448537378,0.022086909196189053,0.714252986460974,0.7703622431208639,0.8019501625135428,0.7288919986235082,0.8524753016053956,473
156,0.01,l1,liblinear,56,balanced,"{'model__C': 0.01, 'model__class_weight': 'balanced', 'model__max_iter': 56, 'model__solver': 'liblinear', 'model__penalty': 'l1'}",0.789382448537378,0.022086909196189053,0.714252986460974,0.7703622431208639,0.8019501625135428,0.7288919986235082,0.8524753016053956,474
159,0.01,l1,saga,56,balanced,"{'model__C': 0.01, 'model__class_weight': 'balanced', 'model__max_iter': 56, 'model__solver': 'saga', 'model__penalty': 'l1'}",0.789382448537378,0.022086909196189053,0.714252986460974,0.7703622431208639,0.8019501625135428,0.7288919986235082,0.8524753016053956,475
161,0.01,l1,liblinear,61,balanced,"{'model__C': 0.01, 'model__class_weight': 'balanced', 'model__max_iter': 61, 'model__solver': 'liblinear', 'model__penalty': 'l1'}",0.789382448537378,0.022086909196189053,0.714252986460974,0.7703622431208639,0.8019501625135428,0.7288919986235082,0.8524753016053956,476
164,0.01,l1,saga,61,balanced,"{'model__C': 0.01, 'model__class_weight': 'balanced', 'model__max_iter': 61, 'model__solver': 'saga', 'model__penalty': 'l1'}",0.789382448537378,0.022086909196189053,0.714252986460974,0.7703622431208639,0.8019501625135428,0.7288919986235082,0.8524753016053956,477
166,0.01,l1,liblinear,66,balanced,"{'model__C': 0.01, 'model__class_weight': 'balanced', 'model__max_iter': 66, 'model__solver': 'liblinear', 'model__penalty': 'l1'}",0.789382448537378,0.022086909196189053,0.714252986460974,0.7703622431208639,0.8019501625135428,0.7288919986235082,0.8524753016053956,478
169,0.01,l1,saga,66,balanced,"{'model__C': 0.01, 'model__class_weight': 'balanced', 'model__max_iter': 66, 'model__solver': 'saga', 'model__penalty': 'l1'}",0.789382448537378,0.022086909196189053,0.714252986460974,0.7703622431208639,0.8019501625135428,0.7288919986235082,0.8524753016053956,479
171,0.01,l1,liblinear,71,balanced,"{'model__C': 0.01, 'model__class_weight': 'balanced', 'model__max_iter': 71, 'model__solver': 'liblinear', 'model__penalty': 'l1'}",0.789382448537378,0.022086909196189053,0.714252986460974,0.7703622431208639,0.8019501625135428,0.7288919986235082,0.8524753016053956,480
174,0.01,l1,saga,71,balanced,"{'model__C': 0.01, 'model__class_weight': 'balanced', 'model__max_iter': 71, 'model__solver': 'saga', 'model__penalty': 'l1'}",0.789382448537378,0.022086909196189053,0.714252986460974,0.7703622431208639,0.8019501625135428,0.7288919986235082,0.8524753016053956,481
176,0.01,l1,liblinear,76,balanced,"{'model__C': 0.01, 'model__class_weight': 'balanced', 'model__max_iter': 76, 'model__solver': 'liblinear', 'model__penalty': 'l1'}",0.789382448537378,0.022086909196189053,0.714252986460974,0.7703622431208639,0.8019501625135428,0.7288919986235082,0.8524753016053956,482
179,0.01,l1,saga,76,balanced,"{'model__C': 0.01, 'model__class_weight': 'balanced', 'model__max_iter': 76, 'model__solver': 'saga', 'model__penalty': 'l1'}",0.789382448537378,0.022086909196189053,0.714252986460974,0.7703622431208639,0.8019501625135428,0.7288919986235082,0.8524753016053956,483
181,0.01,l1,liblinear,81,balanced,"{'model__C': 0.01, 'model__class_weight': 'balanced', 'model__max_iter': 81, 'model__solver': 'liblinear', 'model__penalty': 'l1'}",0.789382448537378,0.022086909196189053,0.714252986460974,0.7703622431208639,0.8019501625135428,0.7288919986235082,0.8524753016053956,484
184,0.01,l1,saga,81,balanced,"{'model__C': 0.01, 'model__class_weight': 'balanced', 'model__max_iter': 81, 'model__solver': 'saga', 'model__penalty': 'l1'}",0.789382448537378,0.022086909196189053,0.714252986460974,0.7703622431208639,0.8019501625135428,0.7288919986235082,0.8524753016053956,485
186,0.01,l1,liblinear,86,balanced,"{'model__C': 0.01, 'model__class_weight': 'balanced', 'model__max_iter': 86, 'model__solver': 'liblinear', 'model__penalty': 'l1'}",0.789382448537378,0.022086909196189053,0.714252986460974,0.7703622431208639,0.8019501625135428,0.7288919986235082,0.8524753016053956,486
189,0.01,l1,saga,86,balanced,"{'model__C': 0.01, 'model__class_weight': 'balanced', 'model__max_iter': 86, 'model__solver': 'saga', 'model__penalty': 'l1'}",0.789382448537378,0.022086909196189053,0.714252986460974,0.7703622431208639,0.8019501625135428,0.7288919986235082,0.8524753016053956,487
191,0.01,l1,liblinear,91,balanced,"{'model__C': 0.01, 'model__class_weight': 'balanced', 'model__max_iter': 91, 'model__solver': 'liblinear', 'model__penalty': 'l1'}",0.789382448537378,0.022086909196189053,0.714252986460974,0.7703622431208639,0.8019501625135428,0.7288919986235082,0.8524753016053956,488
194,0.01,l1,saga,91,balanced,"{'model__C': 0.01, 'model__class_weight': 'balanced', 'model__max_iter': 91, 'model__solver': 'saga', 'model__penalty': 'l1'}",0.789382448537378,0.022086909196189053,0.714252986460974,0.7703622431208639,0.8019501625135428,0.7288919986235082,0.8524753016053956,489
196,0.01,l1,liblinear,96,balanced,"{'model__C': 0.01, 'model__class_weight': 'balanced', 'model__max_iter': 96, 'model__solver': 'liblinear', 'model__penalty': 'l1'}",0.789382448537378,0.022086909196189053,0.714252986460974,0.7703622431208639,0.8019501625135428,0.7288919986235082,0.8524753016053956,490
199,0.01,l1,saga,96,balanced,"{'model__C': 0.01, 'model__class_weight': 'balanced', 'model__max_iter': 96, 'model__solver': 'saga', 'model__penalty': 'l1'}",0.789382448537378,0.022086909196189053,0.714252986460974,0.7703622431208639,0.8019501625135428,0.7288919986235082,0.8524753016053956,491
209,0.1,l1,saga,6,None,"{'model__C': 0.1, 'model__class_weight': None, 'model__max_iter': 6, 'model__solver': 'saga', 'model__penalty': 'l1'}",0.7893627499261303,0.02274514544407805,0.7143830783355878,0.8502402156359835,0.8019501625135428,0.7288919986235082,0.8581405882228766,492
2,0.01,l2,liblinear,1,None,"{'model__C': 0.01, 'model__class_weight': None, 'model__max_iter': 1, 'model__solver': 'liblinear', 'model__penalty': 'l2'}",0.7879641485275288,0.0162930737241667,0.7191968112402896,0.8508818593458092,0.789382448537378,0.7191968112402896,0.8508818593458092,493
508,1.0,l2,lbfgs,6,balanced,"{'model__C': 1.0, 'model__class_weight': 'balanced', 'model__max_iter': 6, 'model__solver': 'lbfgs', 'model__penalty': 'l2'}",0.7879542992219049,0.03974338711720165,0.7357042744602553,0.8556077098044182,0.8019501625135428,0.7357042744602553,0.8584704938623433,494
908,30.0,l2,lbfgs,6,balanced,"{'model__C': 30.0, 'model__class_weight': 'balanced', 'model__max_iter': 6, 'model__solver': 'lbfgs', 'model__penalty': 'l2'}",0.7879542992219049,0.03974338711720165,0.7357042744602553,0.8552943489228756,0.8019501625135428,0.7366068772542739,0.8588253617681516,495
708,10.0,l2,lbfgs,6,balanced,"{'model__C': 10.0, 'model__class_weight': 'balanced', 'model__max_iter': 6, 'model__solver': 'lbfgs', 'model__penalty': 'l2'}",0.7879542992219049,0.03974338711720165,0.7357042744602553,0.8552939663088566,0.8019501625135428,0.7357042744602553,0.8587839470989941,496
913,30.0,l2,lbfgs,11,balanced,"{'model__C': 30.0, 'model__class_weight': 'balanced', 'model__max_iter': 11, 'model__solver': 'lbfgs', 'model__penalty': 'l2'}",0.787944449916281,0.038015882820290864,0.7366068772542739,0.8557736719335466,0.8019501625135428,0.7366068772542739,0.8588253617681516,497
918,30.0,l2,lbfgs,16,balanced,"{'model__C': 30.0, 'model__class_weight': 'balanced', 'model__max_iter': 16, 'model__solver': 'lbfgs', 'model__penalty': 'l2'}",0.787944449916281,0.038015882820290864,0.7366068772542739,0.8557736719335466,0.8019501625135428,0.7366068772542739,0.8588253617681516,498
923,30.0,l2,lbfgs,21,balanced,"{'model__C': 30.0, 'model__class_weight': 'balanced', 'model__max_iter': 21, 'model__solver': 'lbfgs', 'model__penalty': 'l2'}",0.787944449916281,0.038015882820290864,0.7366068772542739,0.8557736719335466,0.8019501625135428,0.7366068772542739,0.8588253617681516,499
928,30.0,l2,lbfgs,26,balanced,"{'model__C': 30.0, 'model__class_weight': 'balanced', 'model__max_iter': 26, 'model__solver': 'lbfgs', 'model__penalty': 'l2'}",0.787944449916281,0.038015882820290864,0.7366068772542739,0.8557736719335466,0.8019501625135428,0.7366068772542739,0.8588253617681516,500
933,30.0,l2,lbfgs,31,balanced,"{'model__C': 30.0, 'model__class_weight': 'balanced', 'model__max_iter': 31, 'model__solver': 'lbfgs', 'model__penalty': 'l2'}",0.787944449916281,0.038015882820290864,0.7366068772542739,0.8557736719335466,0.8019501625135428,0.7366068772542739,0.8588253617681516,501
938,30.0,l2,lbfgs,36,balanced,"{'model__C': 30.0, 'model__class_weight': 'balanced', 'model__max_iter': 36, 'model__solver': 'lbfgs', 'model__penalty': 'l2'}",0.787944449916281,0.038015882820290864,0.7366068772542739,0.8557736719335466,0.8019501625135428,0.7366068772542739,0.8588253617681516,502
943,30.0,l2,lbfgs,41,balanced,"{'model__C': 30.0, 'model__class_weight': 'balanced', 'model__max_iter': 41, 'model__solver': 'lbfgs', 'model__penalty': 'l2'}",0.787944449916281,0.038015882820290864,0.7366068772542739,0.8557736719335466,0.8019501625135428,0.7366068772542739,0.8588253617681516,503
948,30.0,l2,lbfgs,46,balanced,"{'model__C': 30.0, 'model__class_weight': 'balanced', 'model__max_iter': 46, 'model__solver': 'lbfgs', 'model__penalty': 'l2'}",0.787944449916281,0.038015882820290864,0.7366068772542739,0.8557736719335466,0.8019501625135428,0.7366068772542739,0.8588253617681516,504
953,30.0,l2,lbfgs,51,balanced,"{'model__C': 30.0, 'model__class_weight': 'balanced', 'model__max_iter': 51, 'model__solver': 'lbfgs', 'model__penalty': 'l2'}",0.787944449916281,0.038015882820290864,0.7366068772542739,0.8557736719335466,0.8019501625135428,0.7366068772542739,0.8588253617681516,505
958,30.0,l2,lbfgs,56,balanced,"{'model__C': 30.0, 'model__class_weight': 'balanced', 'model__max_iter': 56, 'model__solver': 'lbfgs', 'model__penalty': 'l2'}",0.787944449916281,0.038015882820290864,0.7366068772542739,0.8557736719335466,0.8019501625135428,0.7366068772542739,0.8588253617681516,506
963,30.0,l2,lbfgs,61,balanced,"{'model__C': 30.0, 'model__class_weight': 'balanced', 'model__max_iter': 61, 'model__solver': 'lbfgs', 'model__penalty': 'l2'}",0.787944449916281,0.038015882820290864,0.7366068772542739,0.8557736719335466,0.8019501625135428,0.7366068772542739,0.8588253617681516,507
968,30.0,l2,lbfgs,66,balanced,"{'model__C': 30.0, 'model__class_weight': 'balanced', 'model__max_iter': 66, 'model__solver': 'lbfgs', 'model__penalty': 'l2'}",0.787944449916281,0.038015882820290864,0.7366068772542739,0.8557736719335466,0.8019501625135428,0.7366068772542739,0.8588253617681516,508
973,30.0,l2,lbfgs,71,balanced,"{'model__C': 30.0, 'model__class_weight': 'balanced', 'model__max_iter': 71, 'model__solver': 'lbfgs', 'model__penalty': 'l2'}",0.787944449916281,0.038015882820290864,0.7366068772542739,0.8557736719335466,0.8019501625135428,0.7366068772542739,0.8588253617681516,509
978,30.0,l2,lbfgs,76,balanced,"{'model__C': 30.0, 'model__class_weight': 'balanced', 'model__max_iter': 76, 'model__solver': 'lbfgs', 'model__penalty': 'l2'}",0.787944449916281,0.038015882820290864,0.7366068772542739,0.8557736719335466,0.8019501625135428,0.7366068772542739,0.8588253617681516,510
983,30.0,l2,lbfgs,81,balanced,"{'model__C': 30.0, 'model__class_weight': 'balanced', 'model__max_iter': 81, 'model__solver': 'lbfgs', 'model__penalty': 'l2'}",0.787944449916281,0.038015882820290864,0.7366068772542739,0.8557736719335466,0.8019501625135428,0.7366068772542739,0.8588253617681516,511
988,30.0,l2,lbfgs,86,balanced,"{'model__C': 30.0, 'model__class_weight': 'balanced', 'model__max_iter': 86, 'model__solver': 'lbfgs', 'model__penalty': 'l2'}",0.787944449916281,0.038015882820290864,0.7366068772542739,0.8557736719335466,0.8019501625135428,0.7366068772542739,0.8588253617681516,512
993,30.0,l2,lbfgs,91,balanced,"{'model__C': 30.0, 'model__class_weight': 'balanced', 'model__max_iter': 91, 'model__solver': 'lbfgs', 'model__penalty': 'l2'}",0.787944449916281,0.038015882820290864,0.7366068772542739,0.8557736719335466,0.8019501625135428,0.7366068772542739,0.8588253617681516,513
998,30.0,l2,lbfgs,96,balanced,"{'model__C': 30.0, 'model__class_weight': 'balanced', 'model__max_iter': 96, 'model__solver': 'lbfgs', 'model__penalty': 'l2'}",0.787944449916281,0.038015882820290864,0.7366068772542739,0.8557736719335466,0.8019501625135428,0.7366068772542739,0.8588253617681516,514
907,30.0,l2,liblinear,6,balanced,"{'model__C': 30.0, 'model__class_weight': 'balanced', 'model__max_iter': 6, 'model__solver': 'liblinear', 'model__penalty': 'l2'}",0.787944449916281,0.038015882820290864,0.7366068772542739,0.8557732893195276,0.8019501625135428,0.7366068772542739,0.8588253617681516,515
912,30.0,l2,liblinear,11,balanced,"{'model__C': 30.0, 'model__class_weight': 'balanced', 'model__max_iter': 11, 'model__solver': 'liblinear', 'model__penalty': 'l2'}",0.787944449916281,0.038015882820290864,0.7366068772542739,0.8557732893195276,0.8019501625135428,0.7366068772542739,0.8588253617681516,516
917,30.0,l2,liblinear,16,balanced,"{'model__C': 30.0, 'model__class_weight': 'balanced', 'model__max_iter': 16, 'model__solver': 'liblinear', 'model__penalty': 'l2'}",0.787944449916281,0.038015882820290864,0.7366068772542739,0.8557732893195276,0.8019501625135428,0.7366068772542739,0.8588253617681516,517
922,30.0,l2,liblinear,21,balanced,"{'model__C': 30.0, 'model__class_weight': 'balanced', 'model__max_iter': 21, 'model__solver': 'liblinear', 'model__penalty': 'l2'}",0.787944449916281,0.038015882820290864,0.7366068772542739,0.8557732893195276,0.8019501625135428,0.7366068772542739,0.8588253617681516,518
925,30.0,l2,saga,21,balanced,"{'model__C': 30.0, 'model__class_weight': 'balanced', 'model__max_iter': 21, 'model__solver': 'saga', 'model__penalty': 'l2'}",0.787944449916281,0.038015882820290864,0.7366068772542739,0.8557732893195276,0.8019501625135428,0.7366068772542739,0.8588253617681516,519
927,30.0,l2,liblinear,26,balanced,"{'model__C': 30.0, 'model__class_weight': 'balanced', 'model__max_iter': 26, 'model__solver': 'liblinear', 'model__penalty': 'l2'}",0.787944449916281,0.038015882820290864,0.7366068772542739,0.8557732893195276,0.8019501625135428,0.7366068772542739,0.8588253617681516,520
930,30.0,l2,saga,26,balanced,"{'model__C': 30.0, 'model__class_weight': 'balanced', 'model__max_iter': 26, 'model__solver': 'saga', 'model__penalty': 'l2'}",0.787944449916281,0.038015882820290864,0.7366068772542739,0.8557732893195276,0.8019501625135428,0.7366068772542739,0.8588253617681516,521
932,30.0,l2,liblinear,31,balanced,"{'model__C': 30.0, 'model__class_weight': 'balanced', 'model__max_iter': 31, 'model__solver': 'liblinear', 'model__penalty': 'l2'}",0.787944449916281,0.038015882820290864,0.7366068772542739,0.8557732893195276,0.8019501625135428,0.7366068772542739,0.8588253617681516,522
935,30.0,l2,saga,31,balanced,"{'model__C': 30.0, 'model__class_weight': 'balanced', 'model__max_iter': 31, 'model__solver': 'saga', 'model__penalty': 'l2'}",0.787944449916281,0.038015882820290864,0.7366068772542739,0.8557732893195276,0.8019501625135428,0.7366068772542739,0.8588253617681516,523
937,30.0,l2,liblinear,36,balanced,"{'model__C': 30.0, 'model__class_weight': 'balanced', 'model__max_iter': 36, 'model__solver': 'liblinear', 'model__penalty': 'l2'}",0.787944449916281,0.038015882820290864,0.7366068772542739,0.8557732893195276,0.8019501625135428,0.7366068772542739,0.8588253617681516,524
940,30.0,l2,saga,36,balanced,"{'model__C': 30.0, 'model__class_weight': 'balanced', 'model__max_iter': 36, 'model__solver': 'saga', 'model__penalty': 'l2'}",0.787944449916281,0.038015882820290864,0.7366068772542739,0.8557732893195276,0.8019501625135428,0.7366068772542739,0.8588253617681516,525
942,30.0,l2,liblinear,41,balanced,"{'model__C': 30.0, 'model__class_weight': 'balanced', 'model__max_iter': 41, 'model__solver': 'liblinear', 'model__penalty': 'l2'}",0.787944449916281,0.038015882820290864,0.7366068772542739,0.8557732893195276,0.8019501625135428,0.7366068772542739,0.8588253617681516,526
945,30.0,l2,saga,41,balanced,"{'model__C': 30.0, 'model__class_weight': 'balanced', 'model__max_iter': 41, 'model__solver': 'saga', 'model__penalty': 'l2'}",0.787944449916281,0.038015882820290864,0.7366068772542739,0.8557732893195276,0.8019501625135428,0.7366068772542739,0.8588253617681516,527
947,30.0,l2,liblinear,46,balanced,"{'model__C': 30.0, 'model__class_weight': 'balanced', 'model__max_iter': 46, 'model__solver': 'liblinear', 'model__penalty': 'l2'}",0.787944449916281,0.038015882820290864,0.7366068772542739,0.8557732893195276,0.8019501625135428,0.7366068772542739,0.8588253617681516,528
950,30.0,l2,saga,46,balanced,"{'model__C': 30.0, 'model__class_weight': 'balanced', 'model__max_iter': 46, 'model__solver': 'saga', 'model__penalty': 'l2'}",0.787944449916281,0.038015882820290864,0.7366068772542739,0.8557732893195276,0.8019501625135428,0.7366068772542739,0.8588253617681516,529
952,30.0,l2,liblinear,51,balanced,"{'model__C': 30.0, 'model__class_weight': 'balanced', 'model__max_iter': 51, 'model__solver': 'liblinear', 'model__penalty': 'l2'}",0.787944449916281,0.038015882820290864,0.7366068772542739,0.8557732893195276,0.8019501625135428,0.7366068772542739,0.8588253617681516,530
955,30.0,l2,saga,51,balanced,"{'model__C': 30.0, 'model__class_weight': 'balanced', 'model__max_iter': 51, 'model__solver': 'saga', 'model__penalty': 'l2'}",0.787944449916281,0.038015882820290864,0.7366068772542739,0.8557732893195276,0.8019501625135428,0.7366068772542739,0.8588253617681516,531
957,30.0,l2,liblinear,56,balanced,"{'model__C': 30.0, 'model__class_weight': 'balanced', 'model__max_iter': 56, 'model__solver': 'liblinear', 'model__penalty': 'l2'}",0.787944449916281,0.038015882820290864,0.7366068772542739,0.8557732893195276,0.8019501625135428,0.7366068772542739,0.8588253617681516,532
960,30.0,l2,saga,56,balanced,"{'model__C': 30.0, 'model__class_weight': 'balanced', 'model__max_iter': 56, 'model__solver': 'saga', 'model__penalty': 'l2'}",0.787944449916281,0.038015882820290864,0.7366068772542739,0.8557732893195276,0.8019501625135428,0.7366068772542739,0.8588253617681516,533
962,30.0,l2,liblinear,61,balanced,"{'model__C': 30.0, 'model__class_weight': 'balanced', 'model__max_iter': 61, 'model__solver': 'liblinear', 'model__penalty': 'l2'}",0.787944449916281,0.038015882820290864,0.7366068772542739,0.8557732893195276,0.8019501625135428,0.7366068772542739,0.8588253617681516,534
965,30.0,l2,saga,61,balanced,"{'model__C': 30.0, 'model__class_weight': 'balanced', 'model__max_iter': 61, 'model__solver': 'saga', 'model__penalty': 'l2'}",0.787944449916281,0.038015882820290864,0.7366068772542739,0.8557732893195276,0.8019501625135428,0.7366068772542739,0.8588253617681516,535
967,30.0,l2,liblinear,66,balanced,"{'model__C': 30.0, 'model__class_weight': 'balanced', 'model__max_iter': 66, 'model__solver': 'liblinear', 'model__penalty': 'l2'}",0.787944449916281,0.038015882820290864,0.7366068772542739,0.8557732893195276,0.8019501625135428,0.7366068772542739,0.8588253617681516,536
970,30.0,l2,saga,66,balanced,"{'model__C': 30.0, 'model__class_weight': 'balanced', 'model__max_iter': 66, 'model__solver': 'saga', 'model__penalty': 'l2'}",0.787944449916281,0.038015882820290864,0.7366068772542739,0.8557732893195276,0.8019501625135428,0.7366068772542739,0.8588253617681516,537
972,30.0,l2,liblinear,71,balanced,"{'model__C': 30.0, 'model__class_weight': 'balanced', 'model__max_iter': 71, 'model__solver': 'liblinear', 'model__penalty': 'l2'}",0.787944449916281,0.038015882820290864,0.7366068772542739,0.8557732893195276,0.8019501625135428,0.7366068772542739,0.8588253617681516,538
975,30.0,l2,saga,71,balanced,"{'model__C': 30.0, 'model__class_weight': 'balanced', 'model__max_iter': 71, 'model__solver': 'saga', 'model__penalty': 'l2'}",0.787944449916281,0.038015882820290864,0.7366068772542739,0.8557732893195276,0.8019501625135428,0.7366068772542739,0.8588253617681516,539
977,30.0,l2,liblinear,76,balanced,"{'model__C': 30.0, 'model__class_weight': 'balanced', 'model__max_iter': 76, 'model__solver': 'liblinear', 'model__penalty': 'l2'}",0.787944449916281,0.038015882820290864,0.7366068772542739,0.8557732893195276,0.8019501625135428,0.7366068772542739,0.8588253617681516,540
980,30.0,l2,saga,76,balanced,"{'model__C': 30.0, 'model__class_weight': 'balanced', 'model__max_iter': 76, 'model__solver': 'saga', 'model__penalty': 'l2'}",0.787944449916281,0.038015882820290864,0.7366068772542739,0.8557732893195276,0.8019501625135428,0.7366068772542739,0.8588253617681516,541
982,30.0,l2,liblinear,81,balanced,"{'model__C': 30.0, 'model__class_weight': 'balanced', 'model__max_iter': 81, 'model__solver': 'liblinear', 'model__penalty': 'l2'}",0.787944449916281,0.038015882820290864,0.7366068772542739,0.8557732893195276,0.8019501625135428,0.7366068772542739,0.8588253617681516,542
985,30.0,l2,saga,81,balanced,"{'model__C': 30.0, 'model__class_weight': 'balanced', 'model__max_iter': 81, 'model__solver': 'saga', 'model__penalty': 'l2'}",0.787944449916281,0.038015882820290864,0.7366068772542739,0.8557732893195276,0.8019501625135428,0.7366068772542739,0.8588253617681516,543
987,30.0,l2,liblinear,86,balanced,"{'model__C': 30.0, 'model__class_weight': 'balanced', 'model__max_iter': 86, 'model__solver': 'liblinear', 'model__penalty': 'l2'}",0.787944449916281,0.038015882820290864,0.7366068772542739,0.8557732893195276,0.8019501625135428,0.7366068772542739,0.8588253617681516,544
990,30.0,l2,saga,86,balanced,"{'model__C': 30.0, 'model__class_weight': 'balanced', 'model__max_iter': 86, 'model__solver': 'saga', 'model__penalty': 'l2'}",0.787944449916281,0.038015882820290864,0.7366068772542739,0.8557732893195276,0.8019501625135428,0.7366068772542739,0.8588253617681516,545
992,30.0,l2,liblinear,91,balanced,"{'model__C': 30.0, 'model__class_weight': 'balanced', 'model__max_iter': 91, 'model__solver': 'liblinear', 'model__penalty': 'l2'}",0.787944449916281,0.038015882820290864,0.7366068772542739,0.8557732893195276,0.8019501625135428,0.7366068772542739,0.8588253617681516,546
995,30.0,l2,saga,91,balanced,"{'model__C': 30.0, 'model__class_weight': 'balanced', 'model__max_iter': 91, 'model__solver': 'saga', 'model__penalty': 'l2'}",0.787944449916281,0.038015882820290864,0.7366068772542739,0.8557732893195276,0.8019501625135428,0.7366068772542739,0.8588253617681516,547
997,30.0,l2,liblinear,96,balanced,"{'model__C': 30.0, 'model__class_weight': 'balanced', 'model__max_iter': 96, 'model__solver': 'liblinear', 'model__penalty': 'l2'}",0.787944449916281,0.038015882820290864,0.7366068772542739,0.8557732893195276,0.8019501625135428,0.7366068772542739,0.8588253617681516,548
1000,30.0,l2,saga,96,balanced,"{'model__C': 30.0, 'model__class_weight': 'balanced', 'model__max_iter': 96, 'model__solver': 'saga', 'model__penalty': 'l2'}",0.787944449916281,0.038015882820290864,0.7366068772542739,0.8557732893195276,0.8019501625135428,0.7366068772542739,0.8588253617681516,549
713,10.0,l2,lbfgs,11,balanced,"{'model__C': 10.0, 'model__class_weight': 'balanced', 'model__max_iter': 11, 'model__solver': 'lbfgs', 'model__penalty': 'l2'}",0.787944449916281,0.038015882820290864,0.7366068772542739,0.8557323496194968,0.8019501625135428,0.7366068772542739,0.8587839470989941,550
718,10.0,l2,lbfgs,16,balanced,"{'model__C': 10.0, 'model__class_weight': 'balanced', 'model__max_iter': 16, 'model__solver': 'lbfgs', 'model__penalty': 'l2'}",0.787944449916281,0.038015882820290864,0.7366068772542739,0.8557323496194968,0.8019501625135428,0.7366068772542739,0.8587839470989941,551
723,10.0,l2,lbfgs,21,balanced,"{'model__C': 10.0, 'model__class_weight': 'balanced', 'model__max_iter': 21, 'model__solver': 'lbfgs', 'model__penalty': 'l2'}",0.787944449916281,0.038015882820290864,0.7366068772542739,0.8557323496194968,0.8019501625135428,0.7366068772542739,0.8587839470989941,552
728,10.0,l2,lbfgs,26,balanced,"{'model__C': 10.0, 'model__class_weight': 'balanced', 'model__max_iter': 26, 'model__solver': 'lbfgs', 'model__penalty': 'l2'}",0.787944449916281,0.038015882820290864,0.7366068772542739,0.8557323496194968,0.8019501625135428,0.7366068772542739,0.8587839470989941,553
733,10.0,l2,lbfgs,31,balanced,"{'model__C': 10.0, 'model__class_weight': 'balanced', 'model__max_iter': 31, 'model__solver': 'lbfgs', 'model__penalty': 'l2'}",0.787944449916281,0.038015882820290864,0.7366068772542739,0.8557323496194968,0.8019501625135428,0.7366068772542739,0.8587839470989941,554
738,10.0,l2,lbfgs,36,balanced,"{'model__C': 10.0, 'model__class_weight': 'balanced', 'model__max_iter': 36, 'model__solver': 'lbfgs', 'model__penalty': 'l2'}",0.787944449916281,0.038015882820290864,0.7366068772542739,0.8557323496194968,0.8019501625135428,0.7366068772542739,0.8587839470989941,555
743,10.0,l2,lbfgs,41,balanced,"{'model__C': 10.0, 'model__class_weight': 'balanced', 'model__max_iter': 41, 'model__solver': 'lbfgs', 'model__penalty': 'l2'}",0.787944449916281,0.038015882820290864,0.7366068772542739,0.8557323496194968,0.8019501625135428,0.7366068772542739,0.8587839470989941,556
748,10.0,l2,lbfgs,46,balanced,"{'model__C': 10.0, 'model__class_weight': 'balanced', 'model__max_iter': 46, 'model__solver': 'lbfgs', 'model__penalty': 'l2'}",0.787944449916281,0.038015882820290864,0.7366068772542739,0.8557323496194968,0.8019501625135428,0.7366068772542739,0.8587839470989941,557
753,10.0,l2,lbfgs,51,balanced,"{'model__C': 10.0, 'model__class_weight': 'balanced', 'model__max_iter': 51, 'model__solver': 'lbfgs', 'model__penalty': 'l2'}",0.787944449916281,0.038015882820290864,0.7366068772542739,0.8557323496194968,0.8019501625135428,0.7366068772542739,0.8587839470989941,558
758,10.0,l2,lbfgs,56,balanced,"{'model__C': 10.0, 'model__class_weight': 'balanced', 'model__max_iter': 56, 'model__solver': 'lbfgs', 'model__penalty': 'l2'}",0.787944449916281,0.038015882820290864,0.7366068772542739,0.8557323496194968,0.8019501625135428,0.7366068772542739,0.8587839470989941,559
763,10.0,l2,lbfgs,61,balanced,"{'model__C': 10.0, 'model__class_weight': 'balanced', 'model__max_iter': 61, 'model__solver': 'lbfgs', 'model__penalty': 'l2'}",0.787944449916281,0.038015882820290864,0.7366068772542739,0.8557323496194968,0.8019501625135428,0.7366068772542739,0.8587839470989941,560
768,10.0,l2,lbfgs,66,balanced,"{'model__C': 10.0, 'model__class_weight': 'balanced', 'model__max_iter': 66, 'model__solver': 'lbfgs', 'model__penalty': 'l2'}",0.787944449916281,0.038015882820290864,0.7366068772542739,0.8557323496194968,0.8019501625135428,0.7366068772542739,0.8587839470989941,561
773,10.0,l2,lbfgs,71,balanced,"{'model__C': 10.0, 'model__class_weight': 'balanced', 'model__max_iter': 71, 'model__solver': 'lbfgs', 'model__penalty': 'l2'}",0.787944449916281,0.038015882820290864,0.7366068772542739,0.8557323496194968,0.8019501625135428,0.7366068772542739,0.8587839470989941,562
778,10.0,l2,lbfgs,76,balanced,"{'model__C': 10.0, 'model__class_weight': 'balanced', 'model__max_iter': 76, 'model__solver': 'lbfgs', 'model__penalty': 'l2'}",0.787944449916281,0.038015882820290864,0.7366068772542739,0.8557323496194968,0.8019501625135428,0.7366068772542739,0.8587839470989941,563
783,10.0,l2,lbfgs,81,balanced,"{'model__C': 10.0, 'model__class_weight': 'balanced', 'model__max_iter': 81, 'model__solver': 'lbfgs', 'model__penalty': 'l2'}",0.787944449916281,0.038015882820290864,0.7366068772542739,0.8557323496194968,0.8019501625135428,0.7366068772542739,0.8587839470989941,564
788,10.0,l2,lbfgs,86,balanced,"{'model__C': 10.0, 'model__class_weight': 'balanced', 'model__max_iter': 86, 'model__solver': 'lbfgs', 'model__penalty': 'l2'}",0.787944449916281,0.038015882820290864,0.7366068772542739,0.8557323496194968,0.8019501625135428,0.7366068772542739,0.8587839470989941,565
793,10.0,l2,lbfgs,91,balanced,"{'model__C': 10.0, 'model__class_weight': 'balanced', 'model__max_iter': 91, 'model__solver': 'lbfgs', 'model__penalty': 'l2'}",0.787944449916281,0.038015882820290864,0.7366068772542739,0.8557323496194968,0.8019501625135428,0.7366068772542739,0.8587839470989941,566
798,10.0,l2,lbfgs,96,balanced,"{'model__C': 10.0, 'model__class_weight': 'balanced', 'model__max_iter': 96, 'model__solver': 'lbfgs', 'model__penalty': 'l2'}",0.787944449916281,0.038015882820290864,0.7366068772542739,0.8557323496194968,0.8019501625135428,0.7366068772542739,0.8587839470989941,567
920,30.0,l2,saga,16,balanced,"{'model__C': 30.0, 'model__class_weight': 'balanced', 'model__max_iter': 16, 'model__solver': 'saga', 'model__penalty': 'l2'}",0.787944449916281,0.038015882820290864,0.7366068772542739,0.8557113058484532,0.8019501625135428,0.7366068772542739,0.8588253617681516,568
401,1.0,l1,liblinear,1,None,"{'model__C': 1.0, 'model__class_weight': None, 'model__max_iter': 1, 'model__solver': 'liblinear', 'model__penalty': 'l1'}",0.7879247513050329,0.021484282026730552,0.7177432688230356,0.8465004538593881,0.8019501625135428,0.7288919986235082,0.8581405882228766,569
801,30.0,l1,liblinear,1,None,"{'model__C': 30.0, 'model__class_weight': None, 'model__max_iter': 1, 'model__solver': 'liblinear', 'model__penalty': 'l1'}",0.7879247513050329,0.021484282026730552,0.7177432688230356,0.8463698109622875,0.8019501625135428,0.7366068772542739,0.8587839470989941,570
601,10.0,l1,liblinear,1,None,"{'model__C': 10.0, 'model__class_weight': None, 'model__max_iter': 1, 'model__solver': 'liblinear', 'model__penalty': 'l1'}",0.7879247513050329,0.021484282026730552,0.7177432688230356,0.8462450787921008,0.8019501625135428,0.7357042744602553,0.8584704938623433,571
924,30.0,l1,saga,21,balanced,"{'model__C': 30.0, 'model__class_weight': 'balanced', 'model__max_iter': 21, 'model__solver': 'saga', 'model__penalty': 'l1'}",0.7865458485176795,0.03854629413228385,0.7353559237836407,0.8558976388756954,0.8019501625135428,0.7366068772542739,0.8588253617681516,572
929,30.0,l1,saga,26,balanced,"{'model__C': 30.0, 'model__class_weight': 'balanced', 'model__max_iter': 26, 'model__solver': 'saga', 'model__penalty': 'l1'}",0.7865458485176795,0.03854629413228385,0.7353559237836407,0.8558976388756954,0.8019501625135428,0.7366068772542739,0.8588253617681516,573
934,30.0,l1,saga,31,balanced,"{'model__C': 30.0, 'model__class_weight': 'balanced', 'model__max_iter': 31, 'model__solver': 'saga', 'model__penalty': 'l1'}",0.7865458485176795,0.03854629413228385,0.7353559237836407,0.8558976388756954,0.8019501625135428,0.7366068772542739,0.8588253617681516,574
939,30.0,l1,saga,36,balanced,"{'model__C': 30.0, 'model__class_weight': 'balanced', 'model__max_iter': 36, 'model__solver': 'saga', 'model__penalty': 'l1'}",0.7865458485176795,0.03854629413228385,0.7353559237836407,0.8558976388756954,0.8019501625135428,0.7366068772542739,0.8588253617681516,575
944,30.0,l1,saga,41,balanced,"{'model__C': 30.0, 'model__class_weight': 'balanced', 'model__max_iter': 41, 'model__solver': 'saga', 'model__penalty': 'l1'}",0.7865458485176795,0.03854629413228385,0.7353559237836407,0.8558976388756954,0.8019501625135428,0.7366068772542739,0.8588253617681516,576
949,30.0,l1,saga,46,balanced,"{'model__C': 30.0, 'model__class_weight': 'balanced', 'model__max_iter': 46, 'model__solver': 'saga', 'model__penalty': 'l1'}",0.7865458485176795,0.03854629413228385,0.7353559237836407,0.8558976388756954,0.8019501625135428,0.7366068772542739,0.8588253617681516,577
954,30.0,l1,saga,51,balanced,"{'model__C': 30.0, 'model__class_weight': 'balanced', 'model__max_iter': 51, 'model__solver': 'saga', 'model__penalty': 'l1'}",0.7865458485176795,0.03854629413228385,0.7353559237836407,0.8558976388756954,0.8019501625135428,0.7366068772542739,0.8588253617681516,578
959,30.0,l1,saga,56,balanced,"{'model__C': 30.0, 'model__class_weight': 'balanced', 'model__max_iter': 56, 'model__solver': 'saga', 'model__penalty': 'l1'}",0.7865458485176795,0.03854629413228385,0.7353559237836407,0.8558976388756954,0.8019501625135428,0.7366068772542739,0.8588253617681516,579
964,30.0,l1,saga,61,balanced,"{'model__C': 30.0, 'model__class_weight': 'balanced', 'model__max_iter': 61, 'model__solver': 'saga', 'model__penalty': 'l1'}",0.7865458485176795,0.03854629413228385,0.7353559237836407,0.8558976388756954,0.8019501625135428,0.7366068772542739,0.8588253617681516,580
969,30.0,l1,saga,66,balanced,"{'model__C': 30.0, 'model__class_weight': 'balanced', 'model__max_iter': 66, 'model__solver': 'saga', 'model__penalty': 'l1'}",0.7865458485176795,0.03854629413228385,0.7353559237836407,0.8558976388756954,0.8019501625135428,0.7366068772542739,0.8588253617681516,581
974,30.0,l1,saga,71,balanced,"{'model__C': 30.0, 'model__class_weight': 'balanced', 'model__max_iter': 71, 'model__solver': 'saga', 'model__penalty': 'l1'}",0.7865458485176795,0.03854629413228385,0.7353559237836407,0.8558976388756954,0.8019501625135428,0.7366068772542739,0.8588253617681516,582
979,30.0,l1,saga,76,balanced,"{'model__C': 30.0, 'model__class_weight': 'balanced', 'model__max_iter': 76, 'model__solver': 'saga', 'model__penalty': 'l1'}",0.7865458485176795,0.03854629413228385,0.7353559237836407,0.8558976388756954,0.8019501625135428,0.7366068772542739,0.8588253617681516,583
984,30.0,l1,saga,81,balanced,"{'model__C': 30.0, 'model__class_weight': 'balanced', 'model__max_iter': 81, 'model__solver': 'saga', 'model__penalty': 'l1'}",0.7865458485176795,0.03854629413228385,0.7353559237836407,0.8558976388756954,0.8019501625135428,0.7366068772542739,0.8588253617681516,584
989,30.0,l1,saga,86,balanced,"{'model__C': 30.0, 'model__class_weight': 'balanced', 'model__max_iter': 86, 'model__solver': 'saga', 'model__penalty': 'l1'}",0.7865458485176795,0.03854629413228385,0.7353559237836407,0.8558976388756954,0.8019501625135428,0.7366068772542739,0.8588253617681516,585
994,30.0,l1,saga,91,balanced,"{'model__C': 30.0, 'model__class_weight': 'balanced', 'model__max_iter': 91, 'model__solver': 'saga', 'model__penalty': 'l1'}",0.7865458485176795,0.03854629413228385,0.7353559237836407,0.8558976388756954,0.8019501625135428,0.7366068772542739,0.8588253617681516,586
999,30.0,l1,saga,96,balanced,"{'model__C': 30.0, 'model__class_weight': 'balanced', 'model__max_iter': 96, 'model__solver': 'saga', 'model__penalty': 'l1'}",0.7865458485176795,0.03854629413228385,0.7353559237836407,0.8558976388756954,0.8019501625135428,0.7366068772542739,0.8588253617681516,587
919,30.0,l1,saga,16,balanced,"{'model__C': 30.0, 'model__class_weight': 'balanced', 'model__max_iter': 16, 'model__solver': 'saga', 'model__penalty': 'l1'}",0.7865458485176795,0.03854629413228385,0.7353559237836407,0.8558352727906019,0.8019501625135428,0.7366068772542739,0.8588253617681516,588
911,30.0,l1,liblinear,11,balanced,"{'model__C': 30.0, 'model__class_weight': 'balanced', 'model__max_iter': 11, 'model__solver': 'liblinear', 'model__penalty': 'l1'}",0.7865458485176795,0.03854629413228385,0.7353559237836407,0.8557939504765525,0.8019501625135428,0.7366068772542739,0.8588253617681516,589
916,30.0,l1,liblinear,16,balanced,"{'model__C': 30.0, 'model__class_weight': 'balanced', 'model__max_iter': 16, 'model__solver': 'liblinear', 'model__penalty': 'l1'}",0.7865458485176795,0.03854629413228385,0.7353559237836407,0.8557939504765525,0.8019501625135428,0.7366068772542739,0.8588253617681516,590
921,30.0,l1,liblinear,21,balanced,"{'model__C': 30.0, 'model__class_weight': 'balanced', 'model__max_iter': 21, 'model__solver': 'liblinear', 'model__penalty': 'l1'}",0.7865458485176795,0.03854629413228385,0.7353559237836407,0.8557939504765525,0.8019501625135428,0.7366068772542739,0.8588253617681516,591
926,30.0,l1,liblinear,26,balanced,"{'model__C': 30.0, 'model__class_weight': 'balanced', 'model__max_iter': 26, 'model__solver': 'liblinear', 'model__penalty': 'l1'}",0.7865458485176795,0.03854629413228385,0.7353559237836407,0.8557939504765525,0.8019501625135428,0.7366068772542739,0.8588253617681516,592
931,30.0,l1,liblinear,31,balanced,"{'model__C': 30.0, 'model__class_weight': 'balanced', 'model__max_iter': 31, 'model__solver': 'liblinear', 'model__penalty': 'l1'}",0.7865458485176795,0.03854629413228385,0.7353559237836407,0.8557939504765525,0.8019501625135428,0.7366068772542739,0.8588253617681516,593
936,30.0,l1,liblinear,36,balanced,"{'model__C': 30.0, 'model__class_weight': 'balanced', 'model__max_iter': 36, 'model__solver': 'liblinear', 'model__penalty': 'l1'}",0.7865458485176795,0.03854629413228385,0.7353559237836407,0.8557939504765525,0.8019501625135428,0.7366068772542739,0.8588253617681516,594
941,30.0,l1,liblinear,41,balanced,"{'model__C': 30.0, 'model__class_weight': 'balanced', 'model__max_iter': 41, 'model__solver': 'liblinear', 'model__penalty': 'l1'}",0.7865458485176795,0.03854629413228385,0.7353559237836407,0.8557939504765525,0.8019501625135428,0.7366068772542739,0.8588253617681516,595
946,30.0,l1,liblinear,46,balanced,"{'model__C': 30.0, 'model__class_weight': 'balanced', 'model__max_iter': 46, 'model__solver': 'liblinear', 'model__penalty': 'l1'}",0.7865458485176795,0.03854629413228385,0.7353559237836407,0.8557939504765525,0.8019501625135428,0.7366068772542739,0.8588253617681516,596
951,30.0,l1,liblinear,51,balanced,"{'model__C': 30.0, 'model__class_weight': 'balanced', 'model__max_iter': 51, 'model__solver': 'liblinear', 'model__penalty': 'l1'}",0.7865458485176795,0.03854629413228385,0.7353559237836407,0.8557939504765525,0.8019501625135428,0.7366068772542739,0.8588253617681516,597
956,30.0,l1,liblinear,56,balanced,"{'model__C': 30.0, 'model__class_weight': 'balanced', 'model__max_iter': 56, 'model__solver': 'liblinear', 'model__penalty': 'l1'}",0.7865458485176795,0.03854629413228385,0.7353559237836407,0.8557939504765525,0.8019501625135428,0.7366068772542739,0.8588253617681516,598
961,30.0,l1,liblinear,61,balanced,"{'model__C': 30.0, 'model__class_weight': 'balanced', 'model__max_iter': 61, 'model__solver': 'liblinear', 'model__penalty': 'l1'}",0.7865458485176795,0.03854629413228385,0.7353559237836407,0.8557939504765525,0.8019501625135428,0.7366068772542739,0.8588253617681516,599
966,30.0,l1,liblinear,66,balanced,"{'model__C': 30.0, 'model__class_weight': 'balanced', 'model__max_iter': 66, 'model__solver': 'liblinear', 'model__penalty': 'l1'}",0.7865458485176795,0.03854629413228385,0.7353559237836407,0.8557939504765525,0.8019501625135428,0.7366068772542739,0.8588253617681516,600
971,30.0,l1,liblinear,71,balanced,"{'model__C': 30.0, 'model__class_weight': 'balanced', 'model__max_iter': 71, 'model__solver': 'liblinear', 'model__penalty': 'l1'}",0.7865458485176795,0.03854629413228385,0.7353559237836407,0.8557939504765525,0.8019501625135428,0.7366068772542739,0.8588253617681516,601
976,30.0,l1,liblinear,76,balanced,"{'model__C': 30.0, 'model__class_weight': 'balanced', 'model__max_iter': 76, 'model__solver': 'liblinear', 'model__penalty': 'l1'}",0.7865458485176795,0.03854629413228385,0.7353559237836407,0.8557939504765525,0.8019501625135428,0.7366068772542739,0.8588253617681516,602
981,30.0,l1,liblinear,81,balanced,"{'model__C': 30.0, 'model__class_weight': 'balanced', 'model__max_iter': 81, 'model__solver': 'liblinear', 'model__penalty': 'l1'}",0.7865458485176795,0.03854629413228385,0.7353559237836407,0.8557939504765525,0.8019501625135428,0.7366068772542739,0.8588253617681516,603
986,30.0,l1,liblinear,86,balanced,"{'model__C': 30.0, 'model__class_weight': 'balanced', 'model__max_iter': 86, 'model__solver': 'liblinear', 'model__penalty': 'l1'}",0.7865458485176795,0.03854629413228385,0.7353559237836407,0.8557939504765525,0.8019501625135428,0.7366068772542739,0.8588253617681516,604
991,30.0,l1,liblinear,91,balanced,"{'model__C': 30.0, 'model__class_weight': 'balanced', 'model__max_iter': 91, 'model__solver': 'liblinear', 'model__penalty': 'l1'}",0.7865458485176795,0.03854629413228385,0.7353559237836407,0.8557939504765525,0.8019501625135428,0.7366068772542739,0.8588253617681516,605
996,30.0,l1,liblinear,96,balanced,"{'model__C': 30.0, 'model__class_weight': 'balanced', 'model__max_iter': 96, 'model__solver': 'liblinear', 'model__penalty': 'l1'}",0.7865458485176795,0.03854629413228385,0.7353559237836407,0.8557939504765525,0.8019501625135428,0.7366068772542739,0.8588253617681516,606
711,10.0,l1,liblinear,11,balanced,"{'model__C': 10.0, 'model__class_weight': 'balanced', 'model__max_iter': 11, 'model__solver': 'liblinear', 'model__penalty': 'l1'}",0.7865458485176795,0.03854629413228385,0.7353559237836407,0.8557924200204765,0.8019501625135428,0.7357042744602553,0.8587839470989941,607
707,10.0,l2,liblinear,6,balanced,"{'model__C': 10.0, 'model__class_weight': 'balanced', 'model__max_iter': 6, 'model__solver': 'liblinear', 'model__penalty': 'l2'}",0.7865458485176795,0.03854629413228385,0.7353559237836407,0.8557729067055085,0.8019501625135428,0.7357042744602553,0.8587839470989941,608
712,10.0,l2,liblinear,11,balanced,"{'model__C': 10.0, 'model__class_weight': 'balanced', 'model__max_iter': 11, 'model__solver': 'liblinear', 'model__penalty': 'l2'}",0.7865458485176795,0.03854629413228385,0.7353559237836407,0.8557729067055085,0.8019501625135428,0.7357042744602553,0.8587839470989941,609
717,10.0,l2,liblinear,16,balanced,"{'model__C': 10.0, 'model__class_weight': 'balanced', 'model__max_iter': 16, 'model__solver': 'liblinear', 'model__penalty': 'l2'}",0.7865458485176795,0.03854629413228385,0.7353559237836407,0.8557729067055085,0.8019501625135428,0.7366068772542739,0.8587839470989941,610
722,10.0,l2,liblinear,21,balanced,"{'model__C': 10.0, 'model__class_weight': 'balanced', 'model__max_iter': 21, 'model__solver': 'liblinear', 'model__penalty': 'l2'}",0.7865458485176795,0.03854629413228385,0.7353559237836407,0.8557729067055085,0.8019501625135428,0.7366068772542739,0.8587839470989941,611
727,10.0,l2,liblinear,26,balanced,"{'model__C': 10.0, 'model__class_weight': 'balanced', 'model__max_iter': 26, 'model__solver': 'liblinear', 'model__penalty': 'l2'}",0.7865458485176795,0.03854629413228385,0.7353559237836407,0.8557729067055085,0.8019501625135428,0.7366068772542739,0.8587839470989941,612
732,10.0,l2,liblinear,31,balanced,"{'model__C': 10.0, 'model__class_weight': 'balanced', 'model__max_iter': 31, 'model__solver': 'liblinear', 'model__penalty': 'l2'}",0.7865458485176795,0.03854629413228385,0.7353559237836407,0.8557729067055085,0.8019501625135428,0.7366068772542739,0.8587839470989941,613
737,10.0,l2,liblinear,36,balanced,"{'model__C': 10.0, 'model__class_weight': 'balanced', 'model__max_iter': 36, 'model__solver': 'liblinear', 'model__penalty': 'l2'}",0.7865458485176795,0.03854629413228385,0.7353559237836407,0.8557729067055085,0.8019501625135428,0.7366068772542739,0.8587839470989941,614
742,10.0,l2,liblinear,41,balanced,"{'model__C': 10.0, 'model__class_weight': 'balanced', 'model__max_iter': 41, 'model__solver': 'liblinear', 'model__penalty': 'l2'}",0.7865458485176795,0.03854629413228385,0.7353559237836407,0.8557729067055085,0.8019501625135428,0.7366068772542739,0.8587839470989941,615
747,10.0,l2,liblinear,46,balanced,"{'model__C': 10.0, 'model__class_weight': 'balanced', 'model__max_iter': 46, 'model__solver': 'liblinear', 'model__penalty': 'l2'}",0.7865458485176795,0.03854629413228385,0.7353559237836407,0.8557729067055085,0.8019501625135428,0.7366068772542739,0.8587839470989941,616
752,10.0,l2,liblinear,51,balanced,"{'model__C': 10.0, 'model__class_weight': 'balanced', 'model__max_iter': 51, 'model__solver': 'liblinear', 'model__penalty': 'l2'}",0.7865458485176795,0.03854629413228385,0.7353559237836407,0.8557729067055085,0.8019501625135428,0.7366068772542739,0.8587839470989941,617
757,10.0,l2,liblinear,56,balanced,"{'model__C': 10.0, 'model__class_weight': 'balanced', 'model__max_iter': 56, 'model__solver': 'liblinear', 'model__penalty': 'l2'}",0.7865458485176795,0.03854629413228385,0.7353559237836407,0.8557729067055085,0.8019501625135428,0.7366068772542739,0.8587839470989941,618
762,10.0,l2,liblinear,61,balanced,"{'model__C': 10.0, 'model__class_weight': 'balanced', 'model__max_iter': 61, 'model__solver': 'liblinear', 'model__penalty': 'l2'}",0.7865458485176795,0.03854629413228385,0.7353559237836407,0.8557729067055085,0.8019501625135428,0.7366068772542739,0.8587839470989941,619
767,10.0,l2,liblinear,66,balanced,"{'model__C': 10.0, 'model__class_weight': 'balanced', 'model__max_iter': 66, 'model__solver': 'liblinear', 'model__penalty': 'l2'}",0.7865458485176795,0.03854629413228385,0.7353559237836407,0.8557729067055085,0.8019501625135428,0.7366068772542739,0.8587839470989941,620
772,10.0,l2,liblinear,71,balanced,"{'model__C': 10.0, 'model__class_weight': 'balanced', 'model__max_iter': 71, 'model__solver': 'liblinear', 'model__penalty': 'l2'}",0.7865458485176795,0.03854629413228385,0.7353559237836407,0.8557729067055085,0.8019501625135428,0.7366068772542739,0.8587839470989941,621
777,10.0,l2,liblinear,76,balanced,"{'model__C': 10.0, 'model__class_weight': 'balanced', 'model__max_iter': 76, 'model__solver': 'liblinear', 'model__penalty': 'l2'}",0.7865458485176795,0.03854629413228385,0.7353559237836407,0.8557729067055085,0.8019501625135428,0.7366068772542739,0.8587839470989941,622
782,10.0,l2,liblinear,81,balanced,"{'model__C': 10.0, 'model__class_weight': 'balanced', 'model__max_iter': 81, 'model__solver': 'liblinear', 'model__penalty': 'l2'}",0.7865458485176795,0.03854629413228385,0.7353559237836407,0.8557729067055085,0.8019501625135428,0.7366068772542739,0.8587839470989941,623
787,10.0,l2,liblinear,86,balanced,"{'model__C': 10.0, 'model__class_weight': 'balanced', 'model__max_iter': 86, 'model__solver': 'liblinear', 'model__penalty': 'l2'}",0.7865458485176795,0.03854629413228385,0.7353559237836407,0.8557729067055085,0.8019501625135428,0.7366068772542739,0.8587839470989941,624
792,10.0,l2,liblinear,91,balanced,"{'model__C': 10.0, 'model__class_weight': 'balanced', 'model__max_iter': 91, 'model__solver': 'liblinear', 'model__penalty': 'l2'}",0.7865458485176795,0.03854629413228385,0.7353559237836407,0.8557729067055085,0.8019501625135428,0.7366068772542739,0.8587839470989941,625
797,10.0,l2,liblinear,96,balanced,"{'model__C': 10.0, 'model__class_weight': 'balanced', 'model__max_iter': 96, 'model__solver': 'liblinear', 'model__penalty': 'l2'}",0.7865458485176795,0.03854629413228385,0.7353559237836407,0.8557729067055085,0.8019501625135428,0.7366068772542739,0.8587839470989941,626
725,10.0,l2,saga,21,balanced,"{'model__C': 10.0, 'model__class_weight': 'balanced', 'model__max_iter': 21, 'model__solver': 'saga', 'model__penalty': 'l2'}",0.7865458485176795,0.03854629413228385,0.7353559237836407,0.8557526281625026,0.8019501625135428,0.7366068772542739,0.8587839470989941,627
730,10.0,l2,saga,26,balanced,"{'model__C': 10.0, 'model__class_weight': 'balanced', 'model__max_iter': 26, 'model__solver': 'saga', 'model__penalty': 'l2'}",0.7865458485176795,0.03854629413228385,0.7353559237836407,0.8557526281625026,0.8019501625135428,0.7366068772542739,0.8587839470989941,628
735,10.0,l2,saga,31,balanced,"{'model__C': 10.0, 'model__class_weight': 'balanced', 'model__max_iter': 31, 'model__solver': 'saga', 'model__penalty': 'l2'}",0.7865458485176795,0.03854629413228385,0.7353559237836407,0.8557526281625026,0.8019501625135428,0.7366068772542739,0.8587839470989941,629
740,10.0,l2,saga,36,balanced,"{'model__C': 10.0, 'model__class_weight': 'balanced', 'model__max_iter': 36, 'model__solver': 'saga', 'model__penalty': 'l2'}",0.7865458485176795,0.03854629413228385,0.7353559237836407,0.8557526281625026,0.8019501625135428,0.7366068772542739,0.8587839470989941,630
745,10.0,l2,saga,41,balanced,"{'model__C': 10.0, 'model__class_weight': 'balanced', 'model__max_iter': 41, 'model__solver': 'saga', 'model__penalty': 'l2'}",0.7865458485176795,0.03854629413228385,0.7353559237836407,0.8557526281625026,0.8019501625135428,0.7366068772542739,0.8587839470989941,631
750,10.0,l2,saga,46,balanced,"{'model__C': 10.0, 'model__class_weight': 'balanced', 'model__max_iter': 46, 'model__solver': 'saga', 'model__penalty': 'l2'}",0.7865458485176795,0.03854629413228385,0.7353559237836407,0.8557526281625026,0.8019501625135428,0.7366068772542739,0.8587839470989941,632
755,10.0,l2,saga,51,balanced,"{'model__C': 10.0, 'model__class_weight': 'balanced', 'model__max_iter': 51, 'model__solver': 'saga', 'model__penalty': 'l2'}",0.7865458485176795,0.03854629413228385,0.7353559237836407,0.8557526281625026,0.8019501625135428,0.7366068772542739,0.8587839470989941,633
760,10.0,l2,saga,56,balanced,"{'model__C': 10.0, 'model__class_weight': 'balanced', 'model__max_iter': 56, 'model__solver': 'saga', 'model__penalty': 'l2'}",0.7865458485176795,0.03854629413228385,0.7353559237836407,0.8557526281625026,0.8019501625135428,0.7366068772542739,0.8587839470989941,634
765,10.0,l2,saga,61,balanced,"{'model__C': 10.0, 'model__class_weight': 'balanced', 'model__max_iter': 61, 'model__solver': 'saga', 'model__penalty': 'l2'}",0.7865458485176795,0.03854629413228385,0.7353559237836407,0.8557526281625026,0.8019501625135428,0.7366068772542739,0.8587839470989941,635
770,10.0,l2,saga,66,balanced,"{'model__C': 10.0, 'model__class_weight': 'balanced', 'model__max_iter': 66, 'model__solver': 'saga', 'model__penalty': 'l2'}",0.7865458485176795,0.03854629413228385,0.7353559237836407,0.8557526281625026,0.8019501625135428,0.7366068772542739,0.8587839470989941,636
775,10.0,l2,saga,71,balanced,"{'model__C': 10.0, 'model__class_weight': 'balanced', 'model__max_iter': 71, 'model__solver': 'saga', 'model__penalty': 'l2'}",0.7865458485176795,0.03854629413228385,0.7353559237836407,0.8557526281625026,0.8019501625135428,0.7366068772542739,0.8587839470989941,637
780,10.0,l2,saga,76,balanced,"{'model__C': 10.0, 'model__class_weight': 'balanced', 'model__max_iter': 76, 'model__solver': 'saga', 'model__penalty': 'l2'}",0.7865458485176795,0.03854629413228385,0.7353559237836407,0.8557526281625026,0.8019501625135428,0.7366068772542739,0.8587839470989941,638
785,10.0,l2,saga,81,balanced,"{'model__C': 10.0, 'model__class_weight': 'balanced', 'model__max_iter': 81, 'model__solver': 'saga', 'model__penalty': 'l2'}",0.7865458485176795,0.03854629413228385,0.7353559237836407,0.8557526281625026,0.8019501625135428,0.7366068772542739,0.8587839470989941,639
790,10.0,l2,saga,86,balanced,"{'model__C': 10.0, 'model__class_weight': 'balanced', 'model__max_iter': 86, 'model__solver': 'saga', 'model__penalty': 'l2'}",0.7865458485176795,0.03854629413228385,0.7353559237836407,0.8557526281625026,0.8019501625135428,0.7366068772542739,0.8587839470989941,640
795,10.0,l2,saga,91,balanced,"{'model__C': 10.0, 'model__class_weight': 'balanced', 'model__max_iter': 91, 'model__solver': 'saga', 'model__penalty': 'l2'}",0.7865458485176795,0.03854629413228385,0.7353559237836407,0.8557526281625026,0.8019501625135428,0.7366068772542739,0.8587839470989941,641
800,10.0,l2,saga,96,balanced,"{'model__C': 10.0, 'model__class_weight': 'balanced', 'model__max_iter': 96, 'model__solver': 'saga', 'model__penalty': 'l2'}",0.7865458485176795,0.03854629413228385,0.7353559237836407,0.8557526281625026,0.8019501625135428,0.7366068772542739,0.8587839470989941,642
716,10.0,l1,liblinear,16,balanced,"{'model__C': 10.0, 'model__class_weight': 'balanced', 'model__max_iter': 16, 'model__solver': 'liblinear', 'model__penalty': 'l1'}",0.7865458485176795,0.03854629413228385,0.7353559237836407,0.8557510977064269,0.8019501625135428,0.7366068772542739,0.8587839470989941,643
721,10.0,l1,liblinear,21,balanced,"{'model__C': 10.0, 'model__class_weight': 'balanced', 'model__max_iter': 21, 'model__solver': 'liblinear', 'model__penalty': 'l1'}",0.7865458485176795,0.03854629413228385,0.7353559237836407,0.8557510977064269,0.8019501625135428,0.7366068772542739,0.8587839470989941,644
726,10.0,l1,liblinear,26,balanced,"{'model__C': 10.0, 'model__class_weight': 'balanced', 'model__max_iter': 26, 'model__solver': 'liblinear', 'model__penalty': 'l1'}",0.7865458485176795,0.03854629413228385,0.7353559237836407,0.8557510977064269,0.8019501625135428,0.7366068772542739,0.8587839470989941,645
731,10.0,l1,liblinear,31,balanced,"{'model__C': 10.0, 'model__class_weight': 'balanced', 'model__max_iter': 31, 'model__solver': 'liblinear', 'model__penalty': 'l1'}",0.7865458485176795,0.03854629413228385,0.7353559237836407,0.8557510977064269,0.8019501625135428,0.7366068772542739,0.8587839470989941,646
736,10.0,l1,liblinear,36,balanced,"{'model__C': 10.0, 'model__class_weight': 'balanced', 'model__max_iter': 36, 'model__solver': 'liblinear', 'model__penalty': 'l1'}",0.7865458485176795,0.03854629413228385,0.7353559237836407,0.8557510977064269,0.8019501625135428,0.7366068772542739,0.8587839470989941,647
741,10.0,l1,liblinear,41,balanced,"{'model__C': 10.0, 'model__class_weight': 'balanced', 'model__max_iter': 41, 'model__solver': 'liblinear', 'model__penalty': 'l1'}",0.7865458485176795,0.03854629413228385,0.7353559237836407,0.8557510977064269,0.8019501625135428,0.7366068772542739,0.8587839470989941,648
746,10.0,l1,liblinear,46,balanced,"{'model__C': 10.0, 'model__class_weight': 'balanced', 'model__max_iter': 46, 'model__solver': 'liblinear', 'model__penalty': 'l1'}",0.7865458485176795,0.03854629413228385,0.7353559237836407,0.8557510977064269,0.8019501625135428,0.7366068772542739,0.8587839470989941,649
751,10.0,l1,liblinear,51,balanced,"{'model__C': 10.0, 'model__class_weight': 'balanced', 'model__max_iter': 51, 'model__solver': 'liblinear', 'model__penalty': 'l1'}",0.7865458485176795,0.03854629413228385,0.7353559237836407,0.8557510977064269,0.8019501625135428,0.7366068772542739,0.8587839470989941,650
756,10.0,l1,liblinear,56,balanced,"{'model__C': 10.0, 'model__class_weight': 'balanced', 'model__max_iter': 56, 'model__solver': 'liblinear', 'model__penalty': 'l1'}",0.7865458485176795,0.03854629413228385,0.7353559237836407,0.8557510977064269,0.8019501625135428,0.7366068772542739,0.8587839470989941,651
761,10.0,l1,liblinear,61,balanced,"{'model__C': 10.0, 'model__class_weight': 'balanced', 'model__max_iter': 61, 'model__solver': 'liblinear', 'model__penalty': 'l1'}",0.7865458485176795,0.03854629413228385,0.7353559237836407,0.8557510977064269,0.8019501625135428,0.7366068772542739,0.8587839470989941,652
766,10.0,l1,liblinear,66,balanced,"{'model__C': 10.0, 'model__class_weight': 'balanced', 'model__max_iter': 66, 'model__solver': 'liblinear', 'model__penalty': 'l1'}",0.7865458485176795,0.03854629413228385,0.7353559237836407,0.8557510977064269,0.8019501625135428,0.7366068772542739,0.8587839470989941,653
771,10.0,l1,liblinear,71,balanced,"{'model__C': 10.0, 'model__class_weight': 'balanced', 'model__max_iter': 71, 'model__solver': 'liblinear', 'model__penalty': 'l1'}",0.7865458485176795,0.03854629413228385,0.7353559237836407,0.8557510977064269,0.8019501625135428,0.7366068772542739,0.8587839470989941,654
776,10.0,l1,liblinear,76,balanced,"{'model__C': 10.0, 'model__class_weight': 'balanced', 'model__max_iter': 76, 'model__solver': 'liblinear', 'model__penalty': 'l1'}",0.7865458485176795,0.03854629413228385,0.7353559237836407,0.8557510977064269,0.8019501625135428,0.7366068772542739,0.8587839470989941,655
781,10.0,l1,liblinear,81,balanced,"{'model__C': 10.0, 'model__class_weight': 'balanced', 'model__max_iter': 81, 'model__solver': 'liblinear', 'model__penalty': 'l1'}",0.7865458485176795,0.03854629413228385,0.7353559237836407,0.8557510977064269,0.8019501625135428,0.7366068772542739,0.8587839470989941,656
786,10.0,l1,liblinear,86,balanced,"{'model__C': 10.0, 'model__class_weight': 'balanced', 'model__max_iter': 86, 'model__solver': 'liblinear', 'model__penalty': 'l1'}",0.7865458485176795,0.03854629413228385,0.7353559237836407,0.8557510977064269,0.8019501625135428,0.7366068772542739,0.8587839470989941,657
791,10.0,l1,liblinear,91,balanced,"{'model__C': 10.0, 'model__class_weight': 'balanced', 'model__max_iter': 91, 'model__solver': 'liblinear', 'model__penalty': 'l1'}",0.7865458485176795,0.03854629413228385,0.7353559237836407,0.8557510977064269,0.8019501625135428,0.7366068772542739,0.8587839470989941,658
796,10.0,l1,liblinear,96,balanced,"{'model__C': 10.0, 'model__class_weight': 'balanced', 'model__max_iter': 96, 'model__solver': 'liblinear', 'model__penalty': 'l1'}",0.7865458485176795,0.03854629413228385,0.7353559237836407,0.8557510977064269,0.8019501625135428,0.7366068772542739,0.8587839470989941,659
720,10.0,l2,saga,16,balanced,"{'model__C': 10.0, 'model__class_weight': 'balanced', 'model__max_iter': 16, 'model__solver': 'saga', 'model__penalty': 'l2'}",0.7865458485176795,0.03854629413228385,0.7353559237836407,0.8557113058484532,0.8019501625135428,0.7366068772542739,0.8587839470989941,660
709,10.0,l1,saga,6,balanced,"{'model__C': 10.0, 'model__class_weight': 'balanced', 'model__max_iter': 6, 'model__solver': 'saga', 'model__penalty': 'l1'}",0.7865458485176795,0.0382917214631419,0.7343312767485848,0.8559987413318135,0.8019501625135428,0.7357042744602553,0.8587839470989941,661
909,30.0,l1,saga,6,balanced,"{'model__C': 30.0, 'model__class_weight': 'balanced', 'model__max_iter': 6, 'model__solver': 'saga', 'model__penalty': 'l1'}",0.7865458485176795,0.0382917214631419,0.7343312767485848,0.8559163869626252,0.8019501625135428,0.7366068772542739,0.8588253617681516,662
710,10.0,l2,saga,6,balanced,"{'model__C': 10.0, 'model__class_weight': 'balanced', 'model__max_iter': 6, 'model__solver': 'saga', 'model__penalty': 'l2'}",0.7865458485176795,0.0382917214631419,0.7343312767485848,0.8558535459084048,0.8019501625135428,0.7357042744602553,0.8587839470989941,663
910,30.0,l2,saga,6,balanced,"{'model__C': 30.0, 'model__class_weight': 'balanced', 'model__max_iter': 6, 'model__solver': 'saga', 'model__penalty': 'l2'}",0.7865458485176795,0.0382917214631419,0.7343312767485848,0.8558535459084048,0.8019501625135428,0.7366068772542739,0.8588253617681516,664
706,10.0,l1,liblinear,6,balanced,"{'model__C': 10.0, 'model__class_weight': 'balanced', 'model__max_iter': 6, 'model__solver': 'liblinear', 'model__penalty': 'l1'}",0.7865458485176795,0.0382917214631419,0.7343312767485848,0.8557288137382182,0.8019501625135428,0.7357042744602553,0.8587839470989941,665
521,1.0,l1,liblinear,21,balanced,"{'model__C': 1.0, 'model__class_weight': 'balanced', 'model__max_iter': 21, 'model__solver': 'liblinear', 'model__penalty': 'l1'}",0.7851472471190781,0.03927630167566207,0.7331871586418568,0.8557267027643203,0.8019501625135428,0.7357042744602553,0.8584704938623433,666
526,1.0,l1,liblinear,26,balanced,"{'model__C': 1.0, 'model__class_weight': 'balanced', 'model__max_iter': 26, 'model__solver': 'liblinear', 'model__penalty': 'l1'}",0.7851472471190781,0.03927630167566207,0.7331871586418568,0.8557267027643203,0.8019501625135428,0.7357042744602553,0.8584704938623433,667
531,1.0,l1,liblinear,31,balanced,"{'model__C': 1.0, 'model__class_weight': 'balanced', 'model__max_iter': 31, 'model__solver': 'liblinear', 'model__penalty': 'l1'}",0.7851472471190781,0.03927630167566207,0.7331871586418568,0.8557267027643203,0.8019501625135428,0.7357042744602553,0.8584704938623433,668
536,1.0,l1,liblinear,36,balanced,"{'model__C': 1.0, 'model__class_weight': 'balanced', 'model__max_iter': 36, 'model__solver': 'liblinear', 'model__penalty': 'l1'}",0.7851472471190781,0.03927630167566207,0.7331871586418568,0.8557267027643203,0.8019501625135428,0.7357042744602553,0.8584704938623433,669
541,1.0,l1,liblinear,41,balanced,"{'model__C': 1.0, 'model__class_weight': 'balanced', 'model__max_iter': 41, 'model__solver': 'liblinear', 'model__penalty': 'l1'}",0.7851472471190781,0.03927630167566207,0.7331871586418568,0.8557267027643203,0.8019501625135428,0.7357042744602553,0.8584704938623433,670
546,1.0,l1,liblinear,46,balanced,"{'model__C': 1.0, 'model__class_weight': 'balanced', 'model__max_iter': 46, 'model__solver': 'liblinear', 'model__penalty': 'l1'}",0.7851472471190781,0.03927630167566207,0.7331871586418568,0.8557267027643203,0.8019501625135428,0.7357042744602553,0.8584704938623433,671
551,1.0,l1,liblinear,51,balanced,"{'model__C': 1.0, 'model__class_weight': 'balanced', 'model__max_iter': 51, 'model__solver': 'liblinear', 'model__penalty': 'l1'}",0.7851472471190781,0.03927630167566207,0.7331871586418568,0.8557267027643203,0.8019501625135428,0.7357042744602553,0.8584704938623433,672
556,1.0,l1,liblinear,56,balanced,"{'model__C': 1.0, 'model__class_weight': 'balanced', 'model__max_iter': 56, 'model__solver': 'liblinear', 'model__penalty': 'l1'}",0.7851472471190781,0.03927630167566207,0.7331871586418568,0.8557267027643203,0.8019501625135428,0.7357042744602553,0.8584704938623433,673
561,1.0,l1,liblinear,61,balanced,"{'model__C': 1.0, 'model__class_weight': 'balanced', 'model__max_iter': 61, 'model__solver': 'liblinear', 'model__penalty': 'l1'}",0.7851472471190781,0.03927630167566207,0.7331871586418568,0.8557267027643203,0.8019501625135428,0.7357042744602553,0.8584704938623433,674
566,1.0,l1,liblinear,66,balanced,"{'model__C': 1.0, 'model__class_weight': 'balanced', 'model__max_iter': 66, 'model__solver': 'liblinear', 'model__penalty': 'l1'}",0.7851472471190781,0.03927630167566207,0.7331871586418568,0.8557267027643203,0.8019501625135428,0.7357042744602553,0.8584704938623433,675
571,1.0,l1,liblinear,71,balanced,"{'model__C': 1.0, 'model__class_weight': 'balanced', 'model__max_iter': 71, 'model__solver': 'liblinear', 'model__penalty': 'l1'}",0.7851472471190781,0.03927630167566207,0.7331871586418568,0.8557267027643203,0.8019501625135428,0.7357042744602553,0.8584704938623433,676
576,1.0,l1,liblinear,76,balanced,"{'model__C': 1.0, 'model__class_weight': 'balanced', 'model__max_iter': 76, 'model__solver': 'liblinear', 'model__penalty': 'l1'}",0.7851472471190781,0.03927630167566207,0.7331871586418568,0.8557267027643203,0.8019501625135428,0.7357042744602553,0.8584704938623433,677
581,1.0,l1,liblinear,81,balanced,"{'model__C': 1.0, 'model__class_weight': 'balanced', 'model__max_iter': 81, 'model__solver': 'liblinear', 'model__penalty': 'l1'}",0.7851472471190781,0.03927630167566207,0.7331871586418568,0.8557267027643203,0.8019501625135428,0.7357042744602553,0.8584704938623433,678
586,1.0,l1,liblinear,86,balanced,"{'model__C': 1.0, 'model__class_weight': 'balanced', 'model__max_iter': 86, 'model__solver': 'liblinear', 'model__penalty': 'l1'}",0.7851472471190781,0.03927630167566207,0.7331871586418568,0.8557267027643203,0.8019501625135428,0.7357042744602553,0.8584704938623433,679
591,1.0,l1,liblinear,91,balanced,"{'model__C': 1.0, 'model__class_weight': 'balanced', 'model__max_iter': 91, 'model__solver': 'liblinear', 'model__penalty': 'l1'}",0.7851472471190781,0.03927630167566207,0.7331871586418568,0.8557267027643203,0.8019501625135428,0.7357042744602553,0.8584704938623433,680
596,1.0,l1,liblinear,96,balanced,"{'model__C': 1.0, 'model__class_weight': 'balanced', 'model__max_iter': 96, 'model__solver': 'liblinear', 'model__penalty': 'l1'}",0.7851472471190781,0.03927630167566207,0.7331871586418568,0.8557267027643203,0.8019501625135428,0.7357042744602553,0.8584704938623433,681
516,1.0,l1,liblinear,16,balanced,"{'model__C': 1.0, 'model__class_weight': 'balanced', 'model__max_iter': 16, 'model__solver': 'liblinear', 'model__penalty': 'l1'}",0.7851472471190781,0.03927630167566207,0.7331871586418568,0.8556846152222327,0.8019501625135428,0.7357042744602553,0.8584704938623433,682
525,1.0,l2,saga,21,balanced,"{'model__C': 1.0, 'model__class_weight': 'balanced', 'model__max_iter': 21, 'model__solver': 'saga', 'model__penalty': 'l2'}",0.7851472471190781,0.03876794043527406,0.7330803232779517,0.8561217583357082,0.8019501625135428,0.7357042744602553,0.8584704938623433,683
530,1.0,l2,saga,26,balanced,"{'model__C': 1.0, 'model__class_weight': 'balanced', 'model__max_iter': 26, 'model__solver': 'saga', 'model__penalty': 'l2'}",0.7851472471190781,0.03876794043527406,0.7330803232779517,0.8561217583357082,0.8019501625135428,0.7357042744602553,0.8584704938623433,684
535,1.0,l2,saga,31,balanced,"{'model__C': 1.0, 'model__class_weight': 'balanced', 'model__max_iter': 31, 'model__solver': 'saga', 'model__penalty': 'l2'}",0.7851472471190781,0.03876794043527406,0.7330803232779517,0.8561217583357082,0.8019501625135428,0.7357042744602553,0.8584704938623433,685
540,1.0,l2,saga,36,balanced,"{'model__C': 1.0, 'model__class_weight': 'balanced', 'model__max_iter': 36, 'model__solver': 'saga', 'model__penalty': 'l2'}",0.7851472471190781,0.03876794043527406,0.7330803232779517,0.8561217583357082,0.8019501625135428,0.7357042744602553,0.8584704938623433,686
545,1.0,l2,saga,41,balanced,"{'model__C': 1.0, 'model__class_weight': 'balanced', 'model__max_iter': 41, 'model__solver': 'saga', 'model__penalty': 'l2'}",0.7851472471190781,0.03876794043527406,0.7330803232779517,0.8561217583357082,0.8019501625135428,0.7357042744602553,0.8584704938623433,687
550,1.0,l2,saga,46,balanced,"{'model__C': 1.0, 'model__class_weight': 'balanced', 'model__max_iter': 46, 'model__solver': 'saga', 'model__penalty': 'l2'}",0.7851472471190781,0.03876794043527406,0.7330803232779517,0.8561217583357082,0.8019501625135428,0.7357042744602553,0.8584704938623433,688
555,1.0,l2,saga,51,balanced,"{'model__C': 1.0, 'model__class_weight': 'balanced', 'model__max_iter': 51, 'model__solver': 'saga', 'model__penalty': 'l2'}",0.7851472471190781,0.03876794043527406,0.7330803232779517,0.8561217583357082,0.8019501625135428,0.7357042744602553,0.8584704938623433,689
560,1.0,l2,saga,56,balanced,"{'model__C': 1.0, 'model__class_weight': 'balanced', 'model__max_iter': 56, 'model__solver': 'saga', 'model__penalty': 'l2'}",0.7851472471190781,0.03876794043527406,0.7330803232779517,0.8561217583357082,0.8019501625135428,0.7357042744602553,0.8584704938623433,690
565,1.0,l2,saga,61,balanced,"{'model__C': 1.0, 'model__class_weight': 'balanced', 'model__max_iter': 61, 'model__solver': 'saga', 'model__penalty': 'l2'}",0.7851472471190781,0.03876794043527406,0.7330803232779517,0.8561217583357082,0.8019501625135428,0.7357042744602553,0.8584704938623433,691
570,1.0,l2,saga,66,balanced,"{'model__C': 1.0, 'model__class_weight': 'balanced', 'model__max_iter': 66, 'model__solver': 'saga', 'model__penalty': 'l2'}",0.7851472471190781,0.03876794043527406,0.7330803232779517,0.8561217583357082,0.8019501625135428,0.7357042744602553,0.8584704938623433,692
575,1.0,l2,saga,71,balanced,"{'model__C': 1.0, 'model__class_weight': 'balanced', 'model__max_iter': 71, 'model__solver': 'saga', 'model__penalty': 'l2'}",0.7851472471190781,0.03876794043527406,0.7330803232779517,0.8561217583357082,0.8019501625135428,0.7357042744602553,0.8584704938623433,693
580,1.0,l2,saga,76,balanced,"{'model__C': 1.0, 'model__class_weight': 'balanced', 'model__max_iter': 76, 'model__solver': 'saga', 'model__penalty': 'l2'}",0.7851472471190781,0.03876794043527406,0.7330803232779517,0.8561217583357082,0.8019501625135428,0.7357042744602553,0.8584704938623433,694
585,1.0,l2,saga,81,balanced,"{'model__C': 1.0, 'model__class_weight': 'balanced', 'model__max_iter': 81, 'model__solver': 'saga', 'model__penalty': 'l2'}",0.7851472471190781,0.03876794043527406,0.7330803232779517,0.8561217583357082,0.8019501625135428,0.7357042744602553,0.8584704938623433,695
590,1.0,l2,saga,86,balanced,"{'model__C': 1.0, 'model__class_weight': 'balanced', 'model__max_iter': 86, 'model__solver': 'saga', 'model__penalty': 'l2'}",0.7851472471190781,0.03876794043527406,0.7330803232779517,0.8561217583357082,0.8019501625135428,0.7357042744602553,0.8584704938623433,696
595,1.0,l2,saga,91,balanced,"{'model__C': 1.0, 'model__class_weight': 'balanced', 'model__max_iter': 91, 'model__solver': 'saga', 'model__penalty': 'l2'}",0.7851472471190781,0.03876794043527406,0.7330803232779517,0.8561217583357082,0.8019501625135428,0.7357042744602553,0.8584704938623433,697
600,1.0,l2,saga,96,balanced,"{'model__C': 1.0, 'model__class_weight': 'balanced', 'model__max_iter': 96, 'model__solver': 'saga', 'model__penalty': 'l2'}",0.7851472471190781,0.03876794043527406,0.7330803232779517,0.8561217583357082,0.8019501625135428,0.7357042744602553,0.8584704938623433,698
507,1.0,l2,liblinear,6,balanced,"{'model__C': 1.0, 'model__class_weight': 'balanced', 'model__max_iter': 6, 'model__solver': 'liblinear', 'model__penalty': 'l2'}",0.7851472471190781,0.03876794043527406,0.7330803232779517,0.8561217583357081,0.8019501625135428,0.7330803232779517,0.8584704938623433,699
512,1.0,l2,liblinear,11,balanced,"{'model__C': 1.0, 'model__class_weight': 'balanced', 'model__max_iter': 11, 'model__solver': 'liblinear', 'model__penalty': 'l2'}",0.7851472471190781,0.03876794043527406,0.7330803232779517,0.8561217583357081,0.8019501625135428,0.7357042744602553,0.8584704938623433,700
517,1.0,l2,liblinear,16,balanced,"{'model__C': 1.0, 'model__class_weight': 'balanced', 'model__max_iter': 16, 'model__solver': 'liblinear', 'model__penalty': 'l2'}",0.7851472471190781,0.03876794043527406,0.7330803232779517,0.8561217583357081,0.8019501625135428,0.7357042744602553,0.8584704938623433,701
522,1.0,l2,liblinear,21,balanced,"{'model__C': 1.0, 'model__class_weight': 'balanced', 'model__max_iter': 21, 'model__solver': 'liblinear', 'model__penalty': 'l2'}",0.7851472471190781,0.03876794043527406,0.7330803232779517,0.8561217583357081,0.8019501625135428,0.7357042744602553,0.8584704938623433,702
527,1.0,l2,liblinear,26,balanced,"{'model__C': 1.0, 'model__class_weight': 'balanced', 'model__max_iter': 26, 'model__solver': 'liblinear', 'model__penalty': 'l2'}",0.7851472471190781,0.03876794043527406,0.7330803232779517,0.8561217583357081,0.8019501625135428,0.7357042744602553,0.8584704938623433,703
532,1.0,l2,liblinear,31,balanced,"{'model__C': 1.0, 'model__class_weight': 'balanced', 'model__max_iter': 31, 'model__solver': 'liblinear', 'model__penalty': 'l2'}",0.7851472471190781,0.03876794043527406,0.7330803232779517,0.8561217583357081,0.8019501625135428,0.7357042744602553,0.8584704938623433,704
537,1.0,l2,liblinear,36,balanced,"{'model__C': 1.0, 'model__class_weight': 'balanced', 'model__max_iter': 36, 'model__solver': 'liblinear', 'model__penalty': 'l2'}",0.7851472471190781,0.03876794043527406,0.7330803232779517,0.8561217583357081,0.8019501625135428,0.7357042744602553,0.8584704938623433,705
542,1.0,l2,liblinear,41,balanced,"{'model__C': 1.0, 'model__class_weight': 'balanced', 'model__max_iter': 41, 'model__solver': 'liblinear', 'model__penalty': 'l2'}",0.7851472471190781,0.03876794043527406,0.7330803232779517,0.8561217583357081,0.8019501625135428,0.7357042744602553,0.8584704938623433,706
547,1.0,l2,liblinear,46,balanced,"{'model__C': 1.0, 'model__class_weight': 'balanced', 'model__max_iter': 46, 'model__solver': 'liblinear', 'model__penalty': 'l2'}",0.7851472471190781,0.03876794043527406,0.7330803232779517,0.8561217583357081,0.8019501625135428,0.7357042744602553,0.8584704938623433,707
552,1.0,l2,liblinear,51,balanced,"{'model__C': 1.0, 'model__class_weight': 'balanced', 'model__max_iter': 51, 'model__solver': 'liblinear', 'model__penalty': 'l2'}",0.7851472471190781,0.03876794043527406,0.7330803232779517,0.8561217583357081,0.8019501625135428,0.7357042744602553,0.8584704938623433,708
557,1.0,l2,liblinear,56,balanced,"{'model__C': 1.0, 'model__class_weight': 'balanced', 'model__max_iter': 56, 'model__solver': 'liblinear', 'model__penalty': 'l2'}",0.7851472471190781,0.03876794043527406,0.7330803232779517,0.8561217583357081,0.8019501625135428,0.7357042744602553,0.8584704938623433,709
562,1.0,l2,liblinear,61,balanced,"{'model__C': 1.0, 'model__class_weight': 'balanced', 'model__max_iter': 61, 'model__solver': 'liblinear', 'model__penalty': 'l2'}",0.7851472471190781,0.03876794043527406,0.7330803232779517,0.8561217583357081,0.8019501625135428,0.7357042744602553,0.8584704938623433,710
567,1.0,l2,liblinear,66,balanced,"{'model__C': 1.0, 'model__class_weight': 'balanced', 'model__max_iter': 66, 'model__solver': 'liblinear', 'model__penalty': 'l2'}",0.7851472471190781,0.03876794043527406,0.7330803232779517,0.8561217583357081,0.8019501625135428,0.7357042744602553,0.8584704938623433,711
572,1.0,l2,liblinear,71,balanced,"{'model__C': 1.0, 'model__class_weight': 'balanced', 'model__max_iter': 71, 'model__solver': 'liblinear', 'model__penalty': 'l2'}",0.7851472471190781,0.03876794043527406,0.7330803232779517,0.8561217583357081,0.8019501625135428,0.7357042744602553,0.8584704938623433,712
577,1.0,l2,liblinear,76,balanced,"{'model__C': 1.0, 'model__class_weight': 'balanced', 'model__max_iter': 76, 'model__solver': 'liblinear', 'model__penalty': 'l2'}",0.7851472471190781,0.03876794043527406,0.7330803232779517,0.8561217583357081,0.8019501625135428,0.7357042744602553,0.8584704938623433,713
582,1.0,l2,liblinear,81,balanced,"{'model__C': 1.0, 'model__class_weight': 'balanced', 'model__max_iter': 81, 'model__solver': 'liblinear', 'model__penalty': 'l2'}",0.7851472471190781,0.03876794043527406,0.7330803232779517,0.8561217583357081,0.8019501625135428,0.7357042744602553,0.8584704938623433,714
587,1.0,l2,liblinear,86,balanced,"{'model__C': 1.0, 'model__class_weight': 'balanced', 'model__max_iter': 86, 'model__solver': 'liblinear', 'model__penalty': 'l2'}",0.7851472471190781,0.03876794043527406,0.7330803232779517,0.8561217583357081,0.8019501625135428,0.7357042744602553,0.8584704938623433,715
592,1.0,l2,liblinear,91,balanced,"{'model__C': 1.0, 'model__class_weight': 'balanced', 'model__max_iter': 91, 'model__solver': 'liblinear', 'model__penalty': 'l2'}",0.7851472471190781,0.03876794043527406,0.7330803232779517,0.8561217583357081,0.8019501625135428,0.7357042744602553,0.8584704938623433,716
597,1.0,l2,liblinear,96,balanced,"{'model__C': 1.0, 'model__class_weight': 'balanced', 'model__max_iter': 96, 'model__solver': 'liblinear', 'model__penalty': 'l2'}",0.7851472471190781,0.03876794043527406,0.7330803232779517,0.8561217583357081,0.8019501625135428,0.7357042744602553,0.8584704938623433,717
520,1.0,l2,saga,16,balanced,"{'model__C': 1.0, 'model__class_weight': 'balanced', 'model__max_iter': 16, 'model__solver': 'saga', 'model__penalty': 'l2'}",0.7851472471190781,0.03876794043527406,0.7330803232779517,0.8561010971786833,0.8019501625135428,0.7357042744602553,0.8584704938623433,718
515,1.0,l2,saga,11,balanced,"{'model__C': 1.0, 'model__class_weight': 'balanced', 'model__max_iter': 11, 'model__solver': 'saga', 'model__penalty': 'l2'}",0.7851472471190781,0.03876794043527406,0.7330803232779517,0.8560796707936206,0.8019501625135428,0.7357042744602553,0.8584704938623433,719
914,30.0,l1,saga,11,balanced,"{'model__C': 30.0, 'model__class_weight': 'balanced', 'model__max_iter': 11, 'model__solver': 'saga', 'model__penalty': 'l1'}",0.7851472471190781,0.03876794043527406,0.7330803232779517,0.8560005620468003,0.8019501625135428,0.7366068772542739,0.8588253617681516,720
714,10.0,l1,saga,11,balanced,"{'model__C': 10.0, 'model__class_weight': 'balanced', 'model__max_iter': 11, 'model__solver': 'saga', 'model__penalty': 'l1'}",0.7851472471190781,0.03876794043527406,0.7330803232779517,0.8559795182757565,0.8019501625135428,0.7366068772542739,0.8587839470989941,721
715,10.0,l2,saga,11,balanced,"{'model__C': 10.0, 'model__class_weight': 'balanced', 'model__max_iter': 11, 'model__solver': 'saga', 'model__penalty': 'l2'}",0.7851472471190781,0.03876794043527406,0.7330803232779517,0.8559795182757565,0.8019501625135428,0.7366068772542739,0.8587839470989941,722
906,30.0,l1,liblinear,6,balanced,"{'model__C': 30.0, 'model__class_weight': 'balanced', 'model__max_iter': 6, 'model__solver': 'liblinear', 'model__penalty': 'l1'}",0.7851472471190781,0.03876794043527406,0.7330803232779517,0.855936955764542,0.8019501625135428,0.7366068772542739,0.8588253617681516,723
915,30.0,l2,saga,11,balanced,"{'model__C': 30.0, 'model__class_weight': 'balanced', 'model__max_iter': 11, 'model__solver': 'saga', 'model__penalty': 'l2'}",0.7851472471190781,0.03876794043527406,0.7330803232779517,0.8559171521906631,0.8019501625135428,0.7366068772542739,0.8588253617681516,724
513,1.0,l2,lbfgs,11,balanced,"{'model__C': 1.0, 'model__class_weight': 'balanced', 'model__max_iter': 11, 'model__solver': 'lbfgs', 'model__penalty': 'l2'}",0.7851472471190781,0.03876794043527406,0.7330803232779517,0.8558309716812852,0.8019501625135428,0.7357042744602553,0.8584704938623433,725
518,1.0,l2,lbfgs,16,balanced,"{'model__C': 1.0, 'model__class_weight': 'balanced', 'model__max_iter': 16, 'model__solver': 'lbfgs', 'model__penalty': 'l2'}",0.7851472471190781,0.03876794043527406,0.7330803232779517,0.8558309716812852,0.8019501625135428,0.7357042744602553,0.8584704938623433,726
523,1.0,l2,lbfgs,21,balanced,"{'model__C': 1.0, 'model__class_weight': 'balanced', 'model__max_iter': 21, 'model__solver': 'lbfgs', 'model__penalty': 'l2'}",0.7851472471190781,0.03876794043527406,0.7330803232779517,0.8558309716812852,0.8019501625135428,0.7357042744602553,0.8584704938623433,727
528,1.0,l2,lbfgs,26,balanced,"{'model__C': 1.0, 'model__class_weight': 'balanced', 'model__max_iter': 26, 'model__solver': 'lbfgs', 'model__penalty': 'l2'}",0.7851472471190781,0.03876794043527406,0.7330803232779517,0.8558309716812852,0.8019501625135428,0.7357042744602553,0.8584704938623433,728
533,1.0,l2,lbfgs,31,balanced,"{'model__C': 1.0, 'model__class_weight': 'balanced', 'model__max_iter': 31, 'model__solver': 'lbfgs', 'model__penalty': 'l2'}",0.7851472471190781,0.03876794043527406,0.7330803232779517,0.8558309716812852,0.8019501625135428,0.7357042744602553,0.8584704938623433,729
538,1.0,l2,lbfgs,36,balanced,"{'model__C': 1.0, 'model__class_weight': 'balanced', 'model__max_iter': 36, 'model__solver': 'lbfgs', 'model__penalty': 'l2'}",0.7851472471190781,0.03876794043527406,0.7330803232779517,0.8558309716812852,0.8019501625135428,0.7357042744602553,0.8584704938623433,730
543,1.0,l2,lbfgs,41,balanced,"{'model__C': 1.0, 'model__class_weight': 'balanced', 'model__max_iter': 41, 'model__solver': 'lbfgs', 'model__penalty': 'l2'}",0.7851472471190781,0.03876794043527406,0.7330803232779517,0.8558309716812852,0.8019501625135428,0.7357042744602553,0.8584704938623433,731
548,1.0,l2,lbfgs,46,balanced,"{'model__C': 1.0, 'model__class_weight': 'balanced', 'model__max_iter': 46, 'model__solver': 'lbfgs', 'model__penalty': 'l2'}",0.7851472471190781,0.03876794043527406,0.7330803232779517,0.8558309716812852,0.8019501625135428,0.7357042744602553,0.8584704938623433,732
553,1.0,l2,lbfgs,51,balanced,"{'model__C': 1.0, 'model__class_weight': 'balanced', 'model__max_iter': 51, 'model__solver': 'lbfgs', 'model__penalty': 'l2'}",0.7851472471190781,0.03876794043527406,0.7330803232779517,0.8558309716812852,0.8019501625135428,0.7357042744602553,0.8584704938623433,733
558,1.0,l2,lbfgs,56,balanced,"{'model__C': 1.0, 'model__class_weight': 'balanced', 'model__max_iter': 56, 'model__solver': 'lbfgs', 'model__penalty': 'l2'}",0.7851472471190781,0.03876794043527406,0.7330803232779517,0.8558309716812852,0.8019501625135428,0.7357042744602553,0.8584704938623433,734
563,1.0,l2,lbfgs,61,balanced,"{'model__C': 1.0, 'model__class_weight': 'balanced', 'model__max_iter': 61, 'model__solver': 'lbfgs', 'model__penalty': 'l2'}",0.7851472471190781,0.03876794043527406,0.7330803232779517,0.8558309716812852,0.8019501625135428,0.7357042744602553,0.8584704938623433,735
568,1.0,l2,lbfgs,66,balanced,"{'model__C': 1.0, 'model__class_weight': 'balanced', 'model__max_iter': 66, 'model__solver': 'lbfgs', 'model__penalty': 'l2'}",0.7851472471190781,0.03876794043527406,0.7330803232779517,0.8558309716812852,0.8019501625135428,0.7357042744602553,0.8584704938623433,736
573,1.0,l2,lbfgs,71,balanced,"{'model__C': 1.0, 'model__class_weight': 'balanced', 'model__max_iter': 71, 'model__solver': 'lbfgs', 'model__penalty': 'l2'}",0.7851472471190781,0.03876794043527406,0.7330803232779517,0.8558309716812852,0.8019501625135428,0.7357042744602553,0.8584704938623433,737
578,1.0,l2,lbfgs,76,balanced,"{'model__C': 1.0, 'model__class_weight': 'balanced', 'model__max_iter': 76, 'model__solver': 'lbfgs', 'model__penalty': 'l2'}",0.7851472471190781,0.03876794043527406,0.7330803232779517,0.8558309716812852,0.8019501625135428,0.7357042744602553,0.8584704938623433,738
583,1.0,l2,lbfgs,81,balanced,"{'model__C': 1.0, 'model__class_weight': 'balanced', 'model__max_iter': 81, 'model__solver': 'lbfgs', 'model__penalty': 'l2'}",0.7851472471190781,0.03876794043527406,0.7330803232779517,0.8558309716812852,0.8019501625135428,0.7357042744602553,0.8584704938623433,739
588,1.0,l2,lbfgs,86,balanced,"{'model__C': 1.0, 'model__class_weight': 'balanced', 'model__max_iter': 86, 'model__solver': 'lbfgs', 'model__penalty': 'l2'}",0.7851472471190781,0.03876794043527406,0.7330803232779517,0.8558309716812852,0.8019501625135428,0.7357042744602553,0.8584704938623433,740
593,1.0,l2,lbfgs,91,balanced,"{'model__C': 1.0, 'model__class_weight': 'balanced', 'model__max_iter': 91, 'model__solver': 'lbfgs', 'model__penalty': 'l2'}",0.7851472471190781,0.03876794043527406,0.7330803232779517,0.8558309716812852,0.8019501625135428,0.7357042744602553,0.8584704938623433,741
598,1.0,l2,lbfgs,96,balanced,"{'model__C': 1.0, 'model__class_weight': 'balanced', 'model__max_iter': 96, 'model__solver': 'lbfgs', 'model__penalty': 'l2'}",0.7851472471190781,0.03876794043527406,0.7330803232779517,0.8558309716812852,0.8019501625135428,0.7357042744602553,0.8584704938623433,742
719,10.0,l1,saga,16,balanced,"{'model__C': 10.0, 'model__class_weight': 'balanced', 'model__max_iter': 16, 'model__solver': 'saga', 'model__penalty': 'l1'}",0.7851472471190781,0.03876794043527406,0.7330803232779517,0.8558126985634822,0.8019501625135428,0.7366068772542739,0.8587839470989941,743
729,10.0,l1,saga,26,balanced,"{'model__C': 10.0, 'model__class_weight': 'balanced', 'model__max_iter': 26, 'model__solver': 'saga', 'model__penalty': 'l1'}",0.7851472471190781,0.03876794043527406,0.7330803232779517,0.8557916547924386,0.8019501625135428,0.7366068772542739,0.8587839470989941,744
759,10.0,l1,saga,56,balanced,"{'model__C': 10.0, 'model__class_weight': 'balanced', 'model__max_iter': 56, 'model__solver': 'saga', 'model__penalty': 'l1'}",0.7851472471190781,0.03876794043527406,0.7330803232779517,0.8557713762494327,0.8019501625135428,0.7366068772542739,0.8587839470989941,745
734,10.0,l1,saga,31,balanced,"{'model__C': 10.0, 'model__class_weight': 'balanced', 'model__max_iter': 31, 'model__solver': 'saga', 'model__penalty': 'l1'}",0.7851472471190781,0.03876794043527406,0.7330803232779517,0.8557706110213947,0.8019501625135428,0.7366068772542739,0.8587839470989941,746
724,10.0,l1,saga,21,balanced,"{'model__C': 10.0, 'model__class_weight': 'balanced', 'model__max_iter': 21, 'model__solver': 'saga', 'model__penalty': 'l1'}",0.7851472471190781,0.03876794043527406,0.7330803232779517,0.8557503324783889,0.8019501625135428,0.7366068772542739,0.8587839470989941,747
764,10.0,l1,saga,61,balanced,"{'model__C': 10.0, 'model__class_weight': 'balanced', 'model__max_iter': 61, 'model__solver': 'saga', 'model__penalty': 'l1'}",0.7851472471190781,0.03876794043527406,0.7330803232779517,0.8557503324783889,0.8019501625135428,0.7366068772542739,0.8587839470989941,748
779,10.0,l1,saga,76,balanced,"{'model__C': 10.0, 'model__class_weight': 'balanced', 'model__max_iter': 76, 'model__solver': 'saga', 'model__penalty': 'l1'}",0.7851472471190781,0.03876794043527406,0.7330803232779517,0.8557503324783889,0.8019501625135428,0.7366068772542739,0.8587839470989941,749
784,10.0,l1,saga,81,balanced,"{'model__C': 10.0, 'model__class_weight': 'balanced', 'model__max_iter': 81, 'model__solver': 'saga', 'model__penalty': 'l1'}",0.7851472471190781,0.03876794043527406,0.7330803232779517,0.8557503324783889,0.8019501625135428,0.7366068772542739,0.8587839470989941,750
739,10.0,l1,saga,36,balanced,"{'model__C': 10.0, 'model__class_weight': 'balanced', 'model__max_iter': 36, 'model__solver': 'saga', 'model__penalty': 'l1'}",0.7851472471190781,0.03876794043527406,0.7330803232779517,0.855730053935383,0.8019501625135428,0.7366068772542739,0.8587839470989941,751
749,10.0,l1,saga,46,balanced,"{'model__C': 10.0, 'model__class_weight': 'balanced', 'model__max_iter': 46, 'model__solver': 'saga', 'model__penalty': 'l1'}",0.7851472471190781,0.03876794043527406,0.7330803232779517,0.8557296713213642,0.8019501625135428,0.7366068772542739,0.8587839470989941,752
789,10.0,l1,saga,86,balanced,"{'model__C': 10.0, 'model__class_weight': 'balanced', 'model__max_iter': 86, 'model__solver': 'saga', 'model__penalty': 'l1'}",0.7851472471190781,0.03876794043527406,0.7330803232779517,0.8557296713213642,0.8019501625135428,0.7366068772542739,0.8587839470989941,753
794,10.0,l1,saga,91,balanced,"{'model__C': 10.0, 'model__class_weight': 'balanced', 'model__max_iter': 91, 'model__solver': 'saga', 'model__penalty': 'l1'}",0.7851472471190781,0.03876794043527406,0.7330803232779517,0.8557296713213642,0.8019501625135428,0.7366068772542739,0.8587839470989941,754
744,10.0,l1,saga,41,balanced,"{'model__C': 10.0, 'model__class_weight': 'balanced', 'model__max_iter': 41, 'model__solver': 'saga', 'model__penalty': 'l1'}",0.7851472471190781,0.03876794043527406,0.7330803232779517,0.8557292887073451,0.8019501625135428,0.7366068772542739,0.8587839470989941,755
769,10.0,l1,saga,66,balanced,"{'model__C': 10.0, 'model__class_weight': 'balanced', 'model__max_iter': 66, 'model__solver': 'saga', 'model__penalty': 'l1'}",0.7851472471190781,0.03876794043527406,0.7330803232779517,0.8557090101643393,0.8019501625135428,0.7366068772542739,0.8587839470989941,756
774,10.0,l1,saga,71,balanced,"{'model__C': 10.0, 'model__class_weight': 'balanced', 'model__max_iter': 71, 'model__solver': 'saga', 'model__penalty': 'l1'}",0.7851472471190781,0.03876794043527406,0.7330803232779517,0.8557090101643393,0.8019501625135428,0.7366068772542739,0.8587839470989941,757
799,10.0,l1,saga,96,balanced,"{'model__C': 10.0, 'model__class_weight': 'balanced', 'model__max_iter': 96, 'model__solver': 'saga', 'model__penalty': 'l1'}",0.7851472471190781,0.03876794043527406,0.7330803232779517,0.8557090101643393,0.8019501625135428,0.7366068772542739,0.8587839470989941,758
754,10.0,l1,saga,51,balanced,"{'model__C': 10.0, 'model__class_weight': 'balanced', 'model__max_iter': 51, 'model__solver': 'saga', 'model__penalty': 'l1'}",0.7851472471190781,0.03876794043527406,0.7330803232779517,0.8556879663932955,0.8019501625135428,0.7366068772542739,0.8587839470989941,759
506,1.0,l1,liblinear,6,balanced,"{'model__C': 1.0, 'model__class_weight': 'balanced', 'model__max_iter': 6, 'model__solver': 'liblinear', 'model__penalty': 'l1'}",0.7851373978134542,0.0369979041671795,0.7321955025304308,0.8559159119934983,0.8019501625135428,0.7321955025304308,0.8584704938623433,760
559,1.0,l1,saga,56,balanced,"{'model__C': 1.0, 'model__class_weight': 'balanced', 'model__max_iter': 56, 'model__solver': 'saga', 'model__penalty': 'l1'}",0.7837387964148528,0.03743798156279705,0.7309445490597977,0.8558296259354252,0.8019501625135428,0.7357042744602553,0.8584704938623433,761
564,1.0,l1,saga,61,balanced,"{'model__C': 1.0, 'model__class_weight': 'balanced', 'model__max_iter': 61, 'model__solver': 'saga', 'model__penalty': 'l1'}",0.7837387964148528,0.03743798156279705,0.7309445490597977,0.8558296259354252,0.8019501625135428,0.7357042744602553,0.8584704938623433,762
569,1.0,l1,saga,66,balanced,"{'model__C': 1.0, 'model__class_weight': 'balanced', 'model__max_iter': 66, 'model__solver': 'saga', 'model__penalty': 'l1'}",0.7837387964148528,0.03743798156279705,0.7309445490597977,0.8558093473924195,0.8019501625135428,0.7357042744602553,0.8584704938623433,763
579,1.0,l1,saga,76,balanced,"{'model__C': 1.0, 'model__class_weight': 'balanced', 'model__max_iter': 76, 'model__solver': 'saga', 'model__penalty': 'l1'}",0.7837387964148528,0.03743798156279705,0.7309445490597977,0.8558093473924195,0.8019501625135428,0.7357042744602553,0.8584704938623433,764
584,1.0,l1,saga,81,balanced,"{'model__C': 1.0, 'model__class_weight': 'balanced', 'model__max_iter': 81, 'model__solver': 'saga', 'model__penalty': 'l1'}",0.7837387964148528,0.03743798156279705,0.7309445490597977,0.8558085821643815,0.8019501625135428,0.7357042744602553,0.8584704938623433,765
519,1.0,l1,saga,16,balanced,"{'model__C': 1.0, 'model__class_weight': 'balanced', 'model__max_iter': 16, 'model__solver': 'saga', 'model__penalty': 'l1'}",0.7837387964148528,0.03743798156279705,0.7309445490597977,0.8557883036213758,0.8019501625135428,0.7357042744602553,0.8584704938623433,766
574,1.0,l1,saga,71,balanced,"{'model__C': 1.0, 'model__class_weight': 'balanced', 'model__max_iter': 71, 'model__solver': 'saga', 'model__penalty': 'l1'}",0.7837387964148528,0.03743798156279705,0.7309445490597977,0.8557883036213758,0.8019501625135428,0.7357042744602553,0.8584704938623433,767
534,1.0,l1,saga,31,balanced,"{'model__C': 1.0, 'model__class_weight': 'balanced', 'model__max_iter': 31, 'model__solver': 'saga', 'model__penalty': 'l1'}",0.7837387964148528,0.03743798156279705,0.7309445490597977,0.8557875383933377,0.8019501625135428,0.7357042744602553,0.8584704938623433,768
589,1.0,l1,saga,86,balanced,"{'model__C': 1.0, 'model__class_weight': 'balanced', 'model__max_iter': 86, 'model__solver': 'saga', 'model__penalty': 'l1'}",0.7837387964148528,0.03743798156279705,0.7309445490597977,0.855766877236313,0.8019501625135428,0.7357042744602553,0.8584704938623433,769
524,1.0,l1,saga,21,balanced,"{'model__C': 1.0, 'model__class_weight': 'balanced', 'model__max_iter': 21, 'model__solver': 'saga', 'model__penalty': 'l1'}",0.7837387964148528,0.03743798156279705,0.7309445490597977,0.8557664946222939,0.8019501625135428,0.7357042744602553,0.8584704938623433,770
539,1.0,l1,saga,36,balanced,"{'model__C': 1.0, 'model__class_weight': 'balanced', 'model__max_iter': 36, 'model__solver': 'saga', 'model__penalty': 'l1'}",0.7837387964148528,0.03743798156279705,0.7309445490597977,0.8557664946222939,0.8019501625135428,0.7357042744602553,0.8584704938623433,771
529,1.0,l1,saga,26,balanced,"{'model__C': 1.0, 'model__class_weight': 'balanced', 'model__max_iter': 26, 'model__solver': 'saga', 'model__penalty': 'l1'}",0.7837387964148528,0.03743798156279705,0.7309445490597977,0.8557462160792882,0.8019501625135428,0.7357042744602553,0.8584704938623433,772
549,1.0,l1,saga,46,balanced,"{'model__C': 1.0, 'model__class_weight': 'balanced', 'model__max_iter': 46, 'model__solver': 'saga', 'model__penalty': 'l1'}",0.7837387964148528,0.03743798156279705,0.7309445490597977,0.8557462160792882,0.8019501625135428,0.7357042744602553,0.8584704938623433,773
599,1.0,l1,saga,96,balanced,"{'model__C': 1.0, 'model__class_weight': 'balanced', 'model__max_iter': 96, 'model__solver': 'saga', 'model__penalty': 'l1'}",0.7837387964148528,0.03743798156279705,0.7309445490597977,0.855746216079288,0.8019501625135428,0.7357042744602553,0.8584704938623433,774
594,1.0,l1,saga,91,balanced,"{'model__C': 1.0, 'model__class_weight': 'balanced', 'model__max_iter': 91, 'model__solver': 'saga', 'model__penalty': 'l1'}",0.7837387964148528,0.03743798156279705,0.7309445490597977,0.8557458334652692,0.8019501625135428,0.7357042744602553,0.8584704938623433,775
544,1.0,l1,saga,41,balanced,"{'model__C': 1.0, 'model__class_weight': 'balanced', 'model__max_iter': 41, 'model__solver': 'saga', 'model__penalty': 'l1'}",0.7837387964148528,0.03743798156279705,0.7309445490597977,0.8557251723082444,0.8019501625135428,0.7357042744602553,0.8584704938623433,776
554,1.0,l1,saga,51,balanced,"{'model__C': 1.0, 'model__class_weight': 'balanced', 'model__max_iter': 51, 'model__solver': 'saga', 'model__penalty': 'l1'}",0.7837387964148528,0.03743798156279705,0.7309445490597977,0.8557251723082444,0.8019501625135428,0.7357042744602553,0.8584704938623433,777
511,1.0,l1,liblinear,11,balanced,"{'model__C': 1.0, 'model__class_weight': 'balanced', 'model__max_iter': 11, 'model__solver': 'liblinear', 'model__penalty': 'l1'}",0.7837387964148528,0.03743798156279705,0.7309445490597977,0.8556007303969686,0.8019501625135428,0.7357042744602553,0.8584704938623433,778
514,1.0,l1,saga,11,balanced,"{'model__C': 1.0, 'model__class_weight': 'balanced', 'model__max_iter': 11, 'model__solver': 'saga', 'model__penalty': 'l1'}",0.7837387964148528,0.03743798156279705,0.7309445490597977,0.855560648280084,0.8019501625135428,0.7357042744602553,0.8584704938623433,779
510,1.0,l2,saga,6,balanced,"{'model__C': 1.0, 'model__class_weight': 'balanced', 'model__max_iter': 6, 'model__solver': 'saga', 'model__penalty': 'l2'}",0.7837387964148528,0.03743798156279705,0.7298789002138284,0.8558337423345261,0.8019501625135428,0.7357042744602553,0.8584704938623433,780
509,1.0,l1,saga,6,balanced,"{'model__C': 1.0, 'model__class_weight': 'balanced', 'model__max_iter': 6, 'model__solver': 'saga', 'model__penalty': 'l1'}",0.7823401950162514,0.03782126177805978,0.7286279467431953,0.8559604799299156,0.8019501625135428,0.7357042744602553,0.8584704938623433,781
302,0.1,l2,liblinear,1,balanced,"{'model__C': 0.1, 'model__class_weight': 'balanced', 'model__max_iter': 1, 'model__solver': 'liblinear', 'model__penalty': 'l2'}",0.7823303457106274,0.02196362028424492,0.7162937516271412,0.8576515151515152,0.8019501625135428,0.7288919986235082,0.8581405882228766,782
902,30.0,l2,liblinear,1,balanced,"{'model__C': 30.0, 'model__class_weight': 'balanced', 'model__max_iter': 1, 'model__solver': 'liblinear', 'model__penalty': 'l2'}",0.7823303457106274,0.02196362028424492,0.7152532462388097,0.8569240075783963,0.8019501625135428,0.7366068772542739,0.8588253617681516,783
502,1.0,l2,liblinear,1,balanced,"{'model__C': 1.0, 'model__class_weight': 'balanced', 'model__max_iter': 1, 'model__solver': 'liblinear', 'model__penalty': 'l2'}",0.7823303457106274,0.02196362028424492,0.7152532462388097,0.8569032540662634,0.8019501625135428,0.7294347376648261,0.8584704938623433,784
702,10.0,l2,liblinear,1,balanced,"{'model__C': 10.0, 'model__class_weight': 'balanced', 'model__max_iter': 1, 'model__solver': 'liblinear', 'model__penalty': 'l2'}",0.7823303457106274,0.02196362028424492,0.7152532462388097,0.8568826852643466,0.8019501625135428,0.7357042744602553,0.8587839470989941,785
307,0.1,l2,liblinear,6,balanced,"{'model__C': 0.1, 'model__class_weight': 'balanced', 'model__max_iter': 6, 'model__solver': 'liblinear', 'model__penalty': 'l2'}",0.7809415936176499,0.03460085597752567,0.727075481883808,0.8570151356828472,0.8019501625135428,0.7288919986235082,0.8581405882228766,786
312,0.1,l2,liblinear,11,balanced,"{'model__C': 0.1, 'model__class_weight': 'balanced', 'model__max_iter': 11, 'model__solver': 'liblinear', 'model__penalty': 'l2'}",0.7809415936176499,0.03460085597752567,0.727075481883808,0.8570151356828472,0.8019501625135428,0.7288919986235082,0.8581405882228766,787
317,0.1,l2,liblinear,16,balanced,"{'model__C': 0.1, 'model__class_weight': 'balanced', 'model__max_iter': 16, 'model__solver': 'liblinear', 'model__penalty': 'l2'}",0.7809415936176499,0.03460085597752567,0.727075481883808,0.8570151356828472,0.8019501625135428,0.7288919986235082,0.8581405882228766,788
322,0.1,l2,liblinear,21,balanced,"{'model__C': 0.1, 'model__class_weight': 'balanced', 'model__max_iter': 21, 'model__solver': 'liblinear', 'model__penalty': 'l2'}",0.7809415936176499,0.03460085597752567,0.727075481883808,0.8570151356828472,0.8019501625135428,0.7288919986235082,0.8581405882228766,789
327,0.1,l2,liblinear,26,balanced,"{'model__C': 0.1, 'model__class_weight': 'balanced', 'model__max_iter': 26, 'model__solver': 'liblinear', 'model__penalty': 'l2'}",0.7809415936176499,0.03460085597752567,0.727075481883808,0.8570151356828472,0.8019501625135428,0.7288919986235082,0.8581405882228766,790
332,0.1,l2,liblinear,31,balanced,"{'model__C': 0.1, 'model__class_weight': 'balanced', 'model__max_iter': 31, 'model__solver': 'liblinear', 'model__penalty': 'l2'}",0.7809415936176499,0.03460085597752567,0.727075481883808,0.8570151356828472,0.8019501625135428,0.7288919986235082,0.8581405882228766,791
337,0.1,l2,liblinear,36,balanced,"{'model__C': 0.1, 'model__class_weight': 'balanced', 'model__max_iter': 36, 'model__solver': 'liblinear', 'model__penalty': 'l2'}",0.7809415936176499,0.03460085597752567,0.727075481883808,0.8570151356828472,0.8019501625135428,0.7288919986235082,0.8581405882228766,792
342,0.1,l2,liblinear,41,balanced,"{'model__C': 0.1, 'model__class_weight': 'balanced', 'model__max_iter': 41, 'model__solver': 'liblinear', 'model__penalty': 'l2'}",0.7809415936176499,0.03460085597752567,0.727075481883808,0.8570151356828472,0.8019501625135428,0.7288919986235082,0.8581405882228766,793
347,0.1,l2,liblinear,46,balanced,"{'model__C': 0.1, 'model__class_weight': 'balanced', 'model__max_iter': 46, 'model__solver': 'liblinear', 'model__penalty': 'l2'}",0.7809415936176499,0.03460085597752567,0.727075481883808,0.8570151356828472,0.8019501625135428,0.7288919986235082,0.8581405882228766,794
352,0.1,l2,liblinear,51,balanced,"{'model__C': 0.1, 'model__class_weight': 'balanced', 'model__max_iter': 51, 'model__solver': 'liblinear', 'model__penalty': 'l2'}",0.7809415936176499,0.03460085597752567,0.727075481883808,0.8570151356828472,0.8019501625135428,0.7288919986235082,0.8581405882228766,795
357,0.1,l2,liblinear,56,balanced,"{'model__C': 0.1, 'model__class_weight': 'balanced', 'model__max_iter': 56, 'model__solver': 'liblinear', 'model__penalty': 'l2'}",0.7809415936176499,0.03460085597752567,0.727075481883808,0.8570151356828472,0.8019501625135428,0.7288919986235082,0.8581405882228766,796
362,0.1,l2,liblinear,61,balanced,"{'model__C': 0.1, 'model__class_weight': 'balanced', 'model__max_iter': 61, 'model__solver': 'liblinear', 'model__penalty': 'l2'}",0.7809415936176499,0.03460085597752567,0.727075481883808,0.8570151356828472,0.8019501625135428,0.7288919986235082,0.8581405882228766,797
367,0.1,l2,liblinear,66,balanced,"{'model__C': 0.1, 'model__class_weight': 'balanced', 'model__max_iter': 66, 'model__solver': 'liblinear', 'model__penalty': 'l2'}",0.7809415936176499,0.03460085597752567,0.727075481883808,0.8570151356828472,0.8019501625135428,0.7288919986235082,0.8581405882228766,798
372,0.1,l2,liblinear,71,balanced,"{'model__C': 0.1, 'model__class_weight': 'balanced', 'model__max_iter': 71, 'model__solver': 'liblinear', 'model__penalty': 'l2'}",0.7809415936176499,0.03460085597752567,0.727075481883808,0.8570151356828472,0.8019501625135428,0.7288919986235082,0.8581405882228766,799
377,0.1,l2,liblinear,76,balanced,"{'model__C': 0.1, 'model__class_weight': 'balanced', 'model__max_iter': 76, 'model__solver': 'liblinear', 'model__penalty': 'l2'}",0.7809415936176499,0.03460085597752567,0.727075481883808,0.8570151356828472,0.8019501625135428,0.7288919986235082,0.8581405882228766,800
382,0.1,l2,liblinear,81,balanced,"{'model__C': 0.1, 'model__class_weight': 'balanced', 'model__max_iter': 81, 'model__solver': 'liblinear', 'model__penalty': 'l2'}",0.7809415936176499,0.03460085597752567,0.727075481883808,0.8570151356828472,0.8019501625135428,0.7288919986235082,0.8581405882228766,801
387,0.1,l2,liblinear,86,balanced,"{'model__C': 0.1, 'model__class_weight': 'balanced', 'model__max_iter': 86, 'model__solver': 'liblinear', 'model__penalty': 'l2'}",0.7809415936176499,0.03460085597752567,0.727075481883808,0.8570151356828472,0.8019501625135428,0.7288919986235082,0.8581405882228766,802
392,0.1,l2,liblinear,91,balanced,"{'model__C': 0.1, 'model__class_weight': 'balanced', 'model__max_iter': 91, 'model__solver': 'liblinear', 'model__penalty': 'l2'}",0.7809415936176499,0.03460085597752567,0.727075481883808,0.8570151356828472,0.8019501625135428,0.7288919986235082,0.8581405882228766,803
397,0.1,l2,liblinear,96,balanced,"{'model__C': 0.1, 'model__class_weight': 'balanced', 'model__max_iter': 96, 'model__solver': 'liblinear', 'model__penalty': 'l2'}",0.7809415936176499,0.03460085597752567,0.727075481883808,0.8570151356828472,0.8019501625135428,0.7288919986235082,0.8581405882228766,804
308,0.1,l2,lbfgs,6,balanced,"{'model__C': 0.1, 'model__class_weight': 'balanced', 'model__max_iter': 6, 'model__solver': 'lbfgs', 'model__penalty': 'l2'}",0.780931744312026,0.03230274349483722,0.7260537196235137,0.8569111570247934,0.8019501625135428,0.7288919986235082,0.8581405882228766,805
107,0.01,l2,liblinear,6,balanced,"{'model__C': 0.01, 'model__class_weight': 'balanced', 'model__max_iter': 6, 'model__solver': 'liblinear', 'model__penalty': 'l2'}",0.7808923470895303,0.03004360157323683,0.7288919986235082,0.851897211403481,0.8019501625135428,0.7288919986235082,0.8524753016053956,806
112,0.01,l2,liblinear,11,balanced,"{'model__C': 0.01, 'model__class_weight': 'balanced', 'model__max_iter': 11, 'model__solver': 'liblinear', 'model__penalty': 'l2'}",0.7808923470895303,0.03004360157323683,0.7288919986235082,0.851897211403481,0.8019501625135428,0.7288919986235082,0.8524753016053956,807
117,0.01,l2,liblinear,16,balanced,"{'model__C': 0.01, 'model__class_weight': 'balanced', 'model__max_iter': 16, 'model__solver': 'liblinear', 'model__penalty': 'l2'}",0.7808923470895303,0.03004360157323683,0.7288919986235082,0.851897211403481,0.8019501625135428,0.7288919986235082,0.8524753016053956,808
122,0.01,l2,liblinear,21,balanced,"{'model__C': 0.01, 'model__class_weight': 'balanced', 'model__max_iter': 21, 'model__solver': 'liblinear', 'model__penalty': 'l2'}",0.7808923470895303,0.03004360157323683,0.7288919986235082,0.851897211403481,0.8019501625135428,0.7288919986235082,0.8524753016053956,809
127,0.01,l2,liblinear,26,balanced,"{'model__C': 0.01, 'model__class_weight': 'balanced', 'model__max_iter': 26, 'model__solver': 'liblinear', 'model__penalty': 'l2'}",0.7808923470895303,0.03004360157323683,0.7288919986235082,0.851897211403481,0.8019501625135428,0.7288919986235082,0.8524753016053956,810
132,0.01,l2,liblinear,31,balanced,"{'model__C': 0.01, 'model__class_weight': 'balanced', 'model__max_iter': 31, 'model__solver': 'liblinear', 'model__penalty': 'l2'}",0.7808923470895303,0.03004360157323683,0.7288919986235082,0.851897211403481,0.8019501625135428,0.7288919986235082,0.8524753016053956,811
137,0.01,l2,liblinear,36,balanced,"{'model__C': 0.01, 'model__class_weight': 'balanced', 'model__max_iter': 36, 'model__solver': 'liblinear', 'model__penalty': 'l2'}",0.7808923470895303,0.03004360157323683,0.7288919986235082,0.851897211403481,0.8019501625135428,0.7288919986235082,0.8524753016053956,812
142,0.01,l2,liblinear,41,balanced,"{'model__C': 0.01, 'model__class_weight': 'balanced', 'model__max_iter': 41, 'model__solver': 'liblinear', 'model__penalty': 'l2'}",0.7808923470895303,0.03004360157323683,0.7288919986235082,0.851897211403481,0.8019501625135428,0.7288919986235082,0.8524753016053956,813
147,0.01,l2,liblinear,46,balanced,"{'model__C': 0.01, 'model__class_weight': 'balanced', 'model__max_iter': 46, 'model__solver': 'liblinear', 'model__penalty': 'l2'}",0.7808923470895303,0.03004360157323683,0.7288919986235082,0.851897211403481,0.8019501625135428,0.7288919986235082,0.8524753016053956,814
152,0.01,l2,liblinear,51,balanced,"{'model__C': 0.01, 'model__class_weight': 'balanced', 'model__max_iter': 51, 'model__solver': 'liblinear', 'model__penalty': 'l2'}",0.7808923470895303,0.03004360157323683,0.7288919986235082,0.851897211403481,0.8019501625135428,0.7288919986235082,0.8524753016053956,815
157,0.01,l2,liblinear,56,balanced,"{'model__C': 0.01, 'model__class_weight': 'balanced', 'model__max_iter': 56, 'model__solver': 'liblinear', 'model__penalty': 'l2'}",0.7808923470895303,0.03004360157323683,0.7288919986235082,0.851897211403481,0.8019501625135428,0.7288919986235082,0.8524753016053956,816
162,0.01,l2,liblinear,61,balanced,"{'model__C': 0.01, 'model__class_weight': 'balanced', 'model__max_iter': 61, 'model__solver': 'liblinear', 'model__penalty': 'l2'}",0.7808923470895303,0.03004360157323683,0.7288919986235082,0.851897211403481,0.8019501625135428,0.7288919986235082,0.8524753016053956,817
167,0.01,l2,liblinear,66,balanced,"{'model__C': 0.01, 'model__class_weight': 'balanced', 'model__max_iter': 66, 'model__solver': 'liblinear', 'model__penalty': 'l2'}",0.7808923470895303,0.03004360157323683,0.7288919986235082,0.851897211403481,0.8019501625135428,0.7288919986235082,0.8524753016053956,818
172,0.01,l2,liblinear,71,balanced,"{'model__C': 0.01, 'model__class_weight': 'balanced', 'model__max_iter': 71, 'model__solver': 'liblinear', 'model__penalty': 'l2'}",0.7808923470895303,0.03004360157323683,0.7288919986235082,0.851897211403481,0.8019501625135428,0.7288919986235082,0.8524753016053956,819
177,0.01,l2,liblinear,76,balanced,"{'model__C': 0.01, 'model__class_weight': 'balanced', 'model__max_iter': 76, 'model__solver': 'liblinear', 'model__penalty': 'l2'}",0.7808923470895303,0.03004360157323683,0.7288919986235082,0.851897211403481,0.8019501625135428,0.7288919986235082,0.8524753016053956,820
182,0.01,l2,liblinear,81,balanced,"{'model__C': 0.01, 'model__class_weight': 'balanced', 'model__max_iter': 81, 'model__solver': 'liblinear', 'model__penalty': 'l2'}",0.7808923470895303,0.03004360157323683,0.7288919986235082,0.851897211403481,0.8019501625135428,0.7288919986235082,0.8524753016053956,821
187,0.01,l2,liblinear,86,balanced,"{'model__C': 0.01, 'model__class_weight': 'balanced', 'model__max_iter': 86, 'model__solver': 'liblinear', 'model__penalty': 'l2'}",0.7808923470895303,0.03004360157323683,0.7288919986235082,0.851897211403481,0.8019501625135428,0.7288919986235082,0.8524753016053956,822
192,0.01,l2,liblinear,91,balanced,"{'model__C': 0.01, 'model__class_weight': 'balanced', 'model__max_iter': 91, 'model__solver': 'liblinear', 'model__penalty': 'l2'}",0.7808923470895303,0.03004360157323683,0.7288919986235082,0.851897211403481,0.8019501625135428,0.7288919986235082,0.8524753016053956,823
197,0.01,l2,liblinear,96,balanced,"{'model__C': 0.01, 'model__class_weight': 'balanced', 'model__max_iter': 96, 'model__solver': 'liblinear', 'model__penalty': 'l2'}",0.7808923470895303,0.03004360157323683,0.7288919986235082,0.851897211403481,0.8019501625135428,0.7288919986235082,0.8524753016053956,824
201,0.1,l1,liblinear,1,None,"{'model__C': 0.1, 'model__class_weight': None, 'model__max_iter': 1, 'model__solver': 'liblinear', 'model__penalty': 'l1'}",0.7808923470895301,0.018100049409448912,0.7086131144498451,0.8437459231816599,0.8019501625135428,0.7288919986235082,0.8524753016053956,825
315,0.1,l2,saga,11,balanced,"{'model__C': 0.1, 'model__class_weight': 'balanced', 'model__max_iter': 11, 'model__solver': 'saga', 'model__penalty': 'l2'}",0.7795331429134246,0.032924483002914715,0.7247988933686875,0.8569520043697161,0.8019501625135428,0.7288919986235082,0.8581405882228766,826
313,0.1,l2,lbfgs,11,balanced,"{'model__C': 0.1, 'model__class_weight': 'balanced', 'model__max_iter': 11, 'model__solver': 'lbfgs', 'model__penalty': 'l2'}",0.7795331429134246,0.032924483002914715,0.7247988933686875,0.8569304856295451,0.8019501625135428,0.7288919986235082,0.8581405882228766,827
318,0.1,l2,lbfgs,16,balanced,"{'model__C': 0.1, 'model__class_weight': 'balanced', 'model__max_iter': 16, 'model__solver': 'lbfgs', 'model__penalty': 'l2'}",0.7795331429134246,0.032924483002914715,0.7247988933686875,0.8569304856295451,0.8019501625135428,0.7288919986235082,0.8581405882228766,828
323,0.1,l2,lbfgs,21,balanced,"{'model__C': 0.1, 'model__class_weight': 'balanced', 'model__max_iter': 21, 'model__solver': 'lbfgs', 'model__penalty': 'l2'}",0.7795331429134246,0.032924483002914715,0.7247988933686875,0.8569304856295451,0.8019501625135428,0.7288919986235082,0.8581405882228766,829
328,0.1,l2,lbfgs,26,balanced,"{'model__C': 0.1, 'model__class_weight': 'balanced', 'model__max_iter': 26, 'model__solver': 'lbfgs', 'model__penalty': 'l2'}",0.7795331429134246,0.032924483002914715,0.7247988933686875,0.8569304856295451,0.8019501625135428,0.7288919986235082,0.8581405882228766,830
333,0.1,l2,lbfgs,31,balanced,"{'model__C': 0.1, 'model__class_weight': 'balanced', 'model__max_iter': 31, 'model__solver': 'lbfgs', 'model__penalty': 'l2'}",0.7795331429134246,0.032924483002914715,0.7247988933686875,0.8569304856295451,0.8019501625135428,0.7288919986235082,0.8581405882228766,831
338,0.1,l2,lbfgs,36,balanced,"{'model__C': 0.1, 'model__class_weight': 'balanced', 'model__max_iter': 36, 'model__solver': 'lbfgs', 'model__penalty': 'l2'}",0.7795331429134246,0.032924483002914715,0.7247988933686875,0.8569304856295451,0.8019501625135428,0.7288919986235082,0.8581405882228766,832
343,0.1,l2,lbfgs,41,balanced,"{'model__C': 0.1, 'model__class_weight': 'balanced', 'model__max_iter': 41, 'model__solver': 'lbfgs', 'model__penalty': 'l2'}",0.7795331429134246,0.032924483002914715,0.7247988933686875,0.8569304856295451,0.8019501625135428,0.7288919986235082,0.8581405882228766,833
348,0.1,l2,lbfgs,46,balanced,"{'model__C': 0.1, 'model__class_weight': 'balanced', 'model__max_iter': 46, 'model__solver': 'lbfgs', 'model__penalty': 'l2'}",0.7795331429134246,0.032924483002914715,0.7247988933686875,0.8569304856295451,0.8019501625135428,0.7288919986235082,0.8581405882228766,834
353,0.1,l2,lbfgs,51,balanced,"{'model__C': 0.1, 'model__class_weight': 'balanced', 'model__max_iter': 51, 'model__solver': 'lbfgs', 'model__penalty': 'l2'}",0.7795331429134246,0.032924483002914715,0.7247988933686875,0.8569304856295451,0.8019501625135428,0.7288919986235082,0.8581405882228766,835
358,0.1,l2,lbfgs,56,balanced,"{'model__C': 0.1, 'model__class_weight': 'balanced', 'model__max_iter': 56, 'model__solver': 'lbfgs', 'model__penalty': 'l2'}",0.7795331429134246,0.032924483002914715,0.7247988933686875,0.8569304856295451,0.8019501625135428,0.7288919986235082,0.8581405882228766,836
363,0.1,l2,lbfgs,61,balanced,"{'model__C': 0.1, 'model__class_weight': 'balanced', 'model__max_iter': 61, 'model__solver': 'lbfgs', 'model__penalty': 'l2'}",0.7795331429134246,0.032924483002914715,0.7247988933686875,0.8569304856295451,0.8019501625135428,0.7288919986235082,0.8581405882228766,837
368,0.1,l2,lbfgs,66,balanced,"{'model__C': 0.1, 'model__class_weight': 'balanced', 'model__max_iter': 66, 'model__solver': 'lbfgs', 'model__penalty': 'l2'}",0.7795331429134246,0.032924483002914715,0.7247988933686875,0.8569304856295451,0.8019501625135428,0.7288919986235082,0.8581405882228766,838
373,0.1,l2,lbfgs,71,balanced,"{'model__C': 0.1, 'model__class_weight': 'balanced', 'model__max_iter': 71, 'model__solver': 'lbfgs', 'model__penalty': 'l2'}",0.7795331429134246,0.032924483002914715,0.7247988933686875,0.8569304856295451,0.8019501625135428,0.7288919986235082,0.8581405882228766,839
378,0.1,l2,lbfgs,76,balanced,"{'model__C': 0.1, 'model__class_weight': 'balanced', 'model__max_iter': 76, 'model__solver': 'lbfgs', 'model__penalty': 'l2'}",0.7795331429134246,0.032924483002914715,0.7247988933686875,0.8569304856295451,0.8019501625135428,0.7288919986235082,0.8581405882228766,840
383,0.1,l2,lbfgs,81,balanced,"{'model__C': 0.1, 'model__class_weight': 'balanced', 'model__max_iter': 81, 'model__solver': 'lbfgs', 'model__penalty': 'l2'}",0.7795331429134246,0.032924483002914715,0.7247988933686875,0.8569304856295451,0.8019501625135428,0.7288919986235082,0.8581405882228766,841
388,0.1,l2,lbfgs,86,balanced,"{'model__C': 0.1, 'model__class_weight': 'balanced', 'model__max_iter': 86, 'model__solver': 'lbfgs', 'model__penalty': 'l2'}",0.7795331429134246,0.032924483002914715,0.7247988933686875,0.8569304856295451,0.8019501625135428,0.7288919986235082,0.8581405882228766,842
393,0.1,l2,lbfgs,91,balanced,"{'model__C': 0.1, 'model__class_weight': 'balanced', 'model__max_iter': 91, 'model__solver': 'lbfgs', 'model__penalty': 'l2'}",0.7795331429134246,0.032924483002914715,0.7247988933686875,0.8569304856295451,0.8019501625135428,0.7288919986235082,0.8581405882228766,843
398,0.1,l2,lbfgs,96,balanced,"{'model__C': 0.1, 'model__class_weight': 'balanced', 'model__max_iter': 96, 'model__solver': 'lbfgs', 'model__penalty': 'l2'}",0.7795331429134246,0.032924483002914715,0.7247988933686875,0.8569304856295451,0.8019501625135428,0.7288919986235082,0.8581405882228766,844
325,0.1,l2,saga,21,balanced,"{'model__C': 0.1, 'model__class_weight': 'balanced', 'model__max_iter': 21, 'model__solver': 'saga', 'model__penalty': 'l2'}",0.7795331429134246,0.032924483002914715,0.7247988933686875,0.8569098244725204,0.8019501625135428,0.7288919986235082,0.8581405882228766,845
330,0.1,l2,saga,26,balanced,"{'model__C': 0.1, 'model__class_weight': 'balanced', 'model__max_iter': 26, 'model__solver': 'saga', 'model__penalty': 'l2'}",0.7795331429134246,0.032924483002914715,0.7247988933686875,0.8569098244725204,0.8019501625135428,0.7288919986235082,0.8581405882228766,846
335,0.1,l2,saga,31,balanced,"{'model__C': 0.1, 'model__class_weight': 'balanced', 'model__max_iter': 31, 'model__solver': 'saga', 'model__penalty': 'l2'}",0.7795331429134246,0.032924483002914715,0.7247988933686875,0.8569098244725204,0.8019501625135428,0.7288919986235082,0.8581405882228766,847
340,0.1,l2,saga,36,balanced,"{'model__C': 0.1, 'model__class_weight': 'balanced', 'model__max_iter': 36, 'model__solver': 'saga', 'model__penalty': 'l2'}",0.7795331429134246,0.032924483002914715,0.7247988933686875,0.8569098244725204,0.8019501625135428,0.7288919986235082,0.8581405882228766,848
345,0.1,l2,saga,41,balanced,"{'model__C': 0.1, 'model__class_weight': 'balanced', 'model__max_iter': 41, 'model__solver': 'saga', 'model__penalty': 'l2'}",0.7795331429134246,0.032924483002914715,0.7247988933686875,0.8569098244725204,0.8019501625135428,0.7288919986235082,0.8581405882228766,849
350,0.1,l2,saga,46,balanced,"{'model__C': 0.1, 'model__class_weight': 'balanced', 'model__max_iter': 46, 'model__solver': 'saga', 'model__penalty': 'l2'}",0.7795331429134246,0.032924483002914715,0.7247988933686875,0.8569098244725204,0.8019501625135428,0.7288919986235082,0.8581405882228766,850
355,0.1,l2,saga,51,balanced,"{'model__C': 0.1, 'model__class_weight': 'balanced', 'model__max_iter': 51, 'model__solver': 'saga', 'model__penalty': 'l2'}",0.7795331429134246,0.032924483002914715,0.7247988933686875,0.8569098244725204,0.8019501625135428,0.7288919986235082,0.8581405882228766,851
360,0.1,l2,saga,56,balanced,"{'model__C': 0.1, 'model__class_weight': 'balanced', 'model__max_iter': 56, 'model__solver': 'saga', 'model__penalty': 'l2'}",0.7795331429134246,0.032924483002914715,0.7247988933686875,0.8569098244725204,0.8019501625135428,0.7288919986235082,0.8581405882228766,852
365,0.1,l2,saga,61,balanced,"{'model__C': 0.1, 'model__class_weight': 'balanced', 'model__max_iter': 61, 'model__solver': 'saga', 'model__penalty': 'l2'}",0.7795331429134246,0.032924483002914715,0.7247988933686875,0.8569098244725204,0.8019501625135428,0.7288919986235082,0.8581405882228766,853
370,0.1,l2,saga,66,balanced,"{'model__C': 0.1, 'model__class_weight': 'balanced', 'model__max_iter': 66, 'model__solver': 'saga', 'model__penalty': 'l2'}",0.7795331429134246,0.032924483002914715,0.7247988933686875,0.8569098244725204,0.8019501625135428,0.7288919986235082,0.8581405882228766,854
375,0.1,l2,saga,71,balanced,"{'model__C': 0.1, 'model__class_weight': 'balanced', 'model__max_iter': 71, 'model__solver': 'saga', 'model__penalty': 'l2'}",0.7795331429134246,0.032924483002914715,0.7247988933686875,0.8569098244725204,0.8019501625135428,0.7288919986235082,0.8581405882228766,855
380,0.1,l2,saga,76,balanced,"{'model__C': 0.1, 'model__class_weight': 'balanced', 'model__max_iter': 76, 'model__solver': 'saga', 'model__penalty': 'l2'}",0.7795331429134246,0.032924483002914715,0.7247988933686875,0.8569098244725204,0.8019501625135428,0.7288919986235082,0.8581405882228766,856
385,0.1,l2,saga,81,balanced,"{'model__C': 0.1, 'model__class_weight': 'balanced', 'model__max_iter': 81, 'model__solver': 'saga', 'model__penalty': 'l2'}",0.7795331429134246,0.032924483002914715,0.7247988933686875,0.8569098244725204,0.8019501625135428,0.7288919986235082,0.8581405882228766,857
390,0.1,l2,saga,86,balanced,"{'model__C': 0.1, 'model__class_weight': 'balanced', 'model__max_iter': 86, 'model__solver': 'saga', 'model__penalty': 'l2'}",0.7795331429134246,0.032924483002914715,0.7247988933686875,0.8569098244725204,0.8019501625135428,0.7288919986235082,0.8581405882228766,858
395,0.1,l2,saga,91,balanced,"{'model__C': 0.1, 'model__class_weight': 'balanced', 'model__max_iter': 91, 'model__solver': 'saga', 'model__penalty': 'l2'}",0.7795331429134246,0.032924483002914715,0.7247988933686875,0.8569098244725204,0.8019501625135428,0.7288919986235082,0.8581405882228766,859
400,0.1,l2,saga,96,balanced,"{'model__C': 0.1, 'model__class_weight': 'balanced', 'model__max_iter': 96, 'model__solver': 'saga', 'model__penalty': 'l2'}",0.7795331429134246,0.032924483002914715,0.7247988933686875,0.8569098244725204,0.8019501625135428,0.7288919986235082,0.8581405882228766,860
320,0.1,l2,saga,16,balanced,"{'model__C': 0.1, 'model__class_weight': 'balanced', 'model__max_iter': 16, 'model__solver': 'saga', 'model__penalty': 'l2'}",0.7795331429134246,0.032924483002914715,0.7247988933686875,0.8568891633154957,0.8019501625135428,0.7288919986235082,0.8581405882228766,861
310,0.1,l2,saga,6,balanced,"{'model__C': 0.1, 'model__class_weight': 'balanced', 'model__max_iter': 6, 'model__solver': 'saga', 'model__penalty': 'l2'}",0.7795331429134246,0.032924483002914715,0.7236949972647914,0.8567224227647425,0.8019501625135428,0.7288919986235082,0.8581405882228766,862
704,10.0,l1,saga,1,balanced,"{'model__C': 10.0, 'model__class_weight': 'balanced', 'model__max_iter': 1, 'model__solver': 'saga', 'model__penalty': 'l1'}",0.7795134443021767,0.028908431818826033,0.7169248807969131,0.8515327253728506,0.8019501625135428,0.7357042744602553,0.8587839470989941,863
505,1.0,l2,saga,1,balanced,"{'model__C': 1.0, 'model__class_weight': 'balanced', 'model__max_iter': 1, 'model__solver': 'saga', 'model__penalty': 'l2'}",0.7795134443021767,0.028908431818826033,0.7169248807969131,0.8514877748224144,0.8019501625135428,0.7294347376648261,0.8584704938623433,864
904,30.0,l1,saga,1,balanced,"{'model__C': 30.0, 'model__class_weight': 'balanced', 'model__max_iter': 1, 'model__solver': 'saga', 'model__penalty': 'l1'}",0.7795134443021767,0.028908431818826033,0.7169248807969131,0.8514286543596887,0.8019501625135428,0.7366068772542739,0.8588253617681516,865
504,1.0,l1,saga,1,balanced,"{'model__C': 1.0, 'model__class_weight': 'balanced', 'model__max_iter': 1, 'model__solver': 'saga', 'model__penalty': 'l1'}",0.7795134443021767,0.028908431818826033,0.7169248807969131,0.8514096160138479,0.8019501625135428,0.7294347376648261,0.8584704938623433,866
705,10.0,l2,saga,1,balanced,"{'model__C': 10.0, 'model__class_weight': 'balanced', 'model__max_iter': 1, 'model__solver': 'saga', 'model__penalty': 'l2'}",0.7795134443021767,0.028908431818826033,0.7169248807969131,0.851407135619518,0.8019501625135428,0.7357042744602553,0.8587839470989941,867
905,30.0,l2,saga,1,balanced,"{'model__C': 30.0, 'model__class_weight': 'balanced', 'model__max_iter': 1, 'model__solver': 'saga', 'model__penalty': 'l2'}",0.7795134443021767,0.028908431818826033,0.7169248807969131,0.8513447695344245,0.8019501625135428,0.7366068772542739,0.8588253617681516,868
211,0.1,l1,liblinear,11,None,"{'model__C': 0.1, 'model__class_weight': None, 'model__max_iter': 11, 'model__solver': 'liblinear', 'model__penalty': 'l1'}",0.7795035949965528,0.0253152178966231,0.7093425884734917,0.8505951758969001,0.8019501625135428,0.7288919986235082,0.8581405882228766,869
216,0.1,l1,liblinear,16,None,"{'model__C': 0.1, 'model__class_weight': None, 'model__max_iter': 16, 'model__solver': 'liblinear', 'model__penalty': 'l1'}",0.7795035949965528,0.0253152178966231,0.7093425884734917,0.8504513130257646,0.8019501625135428,0.7288919986235082,0.8581405882228766,870
221,0.1,l1,liblinear,21,None,"{'model__C': 0.1, 'model__class_weight': None, 'model__max_iter': 21, 'model__solver': 'liblinear', 'model__penalty': 'l1'}",0.7795035949965528,0.0253152178966231,0.7093425884734917,0.8504513130257646,0.8019501625135428,0.7288919986235082,0.8581405882228766,871
226,0.1,l1,liblinear,26,None,"{'model__C': 0.1, 'model__class_weight': None, 'model__max_iter': 26, 'model__solver': 'liblinear', 'model__penalty': 'l1'}",0.7795035949965528,0.0253152178966231,0.7093425884734917,0.8504513130257646,0.8019501625135428,0.7288919986235082,0.8581405882228766,872
231,0.1,l1,liblinear,31,None,"{'model__C': 0.1, 'model__class_weight': None, 'model__max_iter': 31, 'model__solver': 'liblinear', 'model__penalty': 'l1'}",0.7795035949965528,0.0253152178966231,0.7093425884734917,0.8504513130257646,0.8019501625135428,0.7288919986235082,0.8581405882228766,873
236,0.1,l1,liblinear,36,None,"{'model__C': 0.1, 'model__class_weight': None, 'model__max_iter': 36, 'model__solver': 'liblinear', 'model__penalty': 'l1'}",0.7795035949965528,0.0253152178966231,0.7093425884734917,0.8504513130257646,0.8019501625135428,0.7288919986235082,0.8581405882228766,874
241,0.1,l1,liblinear,41,None,"{'model__C': 0.1, 'model__class_weight': None, 'model__max_iter': 41, 'model__solver': 'liblinear', 'model__penalty': 'l1'}",0.7795035949965528,0.0253152178966231,0.7093425884734917,0.8504513130257646,0.8019501625135428,0.7288919986235082,0.8581405882228766,875
246,0.1,l1,liblinear,46,None,"{'model__C': 0.1, 'model__class_weight': None, 'model__max_iter': 46, 'model__solver': 'liblinear', 'model__penalty': 'l1'}",0.7795035949965528,0.0253152178966231,0.7093425884734917,0.8504513130257646,0.8019501625135428,0.7288919986235082,0.8581405882228766,876
251,0.1,l1,liblinear,51,None,"{'model__C': 0.1, 'model__class_weight': None, 'model__max_iter': 51, 'model__solver': 'liblinear', 'model__penalty': 'l1'}",0.7795035949965528,0.0253152178966231,0.7093425884734917,0.8504513130257646,0.8019501625135428,0.7288919986235082,0.8581405882228766,877
256,0.1,l1,liblinear,56,None,"{'model__C': 0.1, 'model__class_weight': None, 'model__max_iter': 56, 'model__solver': 'liblinear', 'model__penalty': 'l1'}",0.7795035949965528,0.0253152178966231,0.7093425884734917,0.8504513130257646,0.8019501625135428,0.7288919986235082,0.8581405882228766,878
261,0.1,l1,liblinear,61,None,"{'model__C': 0.1, 'model__class_weight': None, 'model__max_iter': 61, 'model__solver': 'liblinear', 'model__penalty': 'l1'}",0.7795035949965528,0.0253152178966231,0.7093425884734917,0.8504513130257646,0.8019501625135428,0.7288919986235082,0.8581405882228766,879
266,0.1,l1,liblinear,66,None,"{'model__C': 0.1, 'model__class_weight': None, 'model__max_iter': 66, 'model__solver': 'liblinear', 'model__penalty': 'l1'}",0.7795035949965528,0.0253152178966231,0.7093425884734917,0.8504513130257646,0.8019501625135428,0.7288919986235082,0.8581405882228766,880
271,0.1,l1,liblinear,71,None,"{'model__C': 0.1, 'model__class_weight': None, 'model__max_iter': 71, 'model__solver': 'liblinear', 'model__penalty': 'l1'}",0.7795035949965528,0.0253152178966231,0.7093425884734917,0.8504513130257646,0.8019501625135428,0.7288919986235082,0.8581405882228766,881
276,0.1,l1,liblinear,76,None,"{'model__C': 0.1, 'model__class_weight': None, 'model__max_iter': 76, 'model__solver': 'liblinear', 'model__penalty': 'l1'}",0.7795035949965528,0.0253152178966231,0.7093425884734917,0.8504513130257646,0.8019501625135428,0.7288919986235082,0.8581405882228766,882
281,0.1,l1,liblinear,81,None,"{'model__C': 0.1, 'model__class_weight': None, 'model__max_iter': 81, 'model__solver': 'liblinear', 'model__penalty': 'l1'}",0.7795035949965528,0.0253152178966231,0.7093425884734917,0.8504513130257646,0.8019501625135428,0.7288919986235082,0.8581405882228766,883
286,0.1,l1,liblinear,86,None,"{'model__C': 0.1, 'model__class_weight': None, 'model__max_iter': 86, 'model__solver': 'liblinear', 'model__penalty': 'l1'}",0.7795035949965528,0.0253152178966231,0.7093425884734917,0.8504513130257646,0.8019501625135428,0.7288919986235082,0.8581405882228766,884
291,0.1,l1,liblinear,91,None,"{'model__C': 0.1, 'model__class_weight': None, 'model__max_iter': 91, 'model__solver': 'liblinear', 'model__penalty': 'l1'}",0.7795035949965528,0.0253152178966231,0.7093425884734917,0.8504513130257646,0.8019501625135428,0.7288919986235082,0.8581405882228766,885
296,0.1,l1,liblinear,96,None,"{'model__C': 0.1, 'model__class_weight': None, 'model__max_iter': 96, 'model__solver': 'liblinear', 'model__penalty': 'l1'}",0.7795035949965528,0.0253152178966231,0.7093425884734917,0.8504513130257646,0.8019501625135428,0.7288919986235082,0.8581405882228766,886
206,0.1,l1,liblinear,6,None,"{'model__C': 0.1, 'model__class_weight': None, 'model__max_iter': 6, 'model__solver': 'liblinear', 'model__penalty': 'l1'}",0.7795035949965528,0.0253152178966231,0.7093425884734917,0.8503892371995819,0.8019501625135428,0.7288919986235082,0.8581405882228766,887
3,0.01,l2,lbfgs,1,None,"{'model__C': 0.01, 'model__class_weight': None, 'model__max_iter': 1, 'model__solver': 'lbfgs', 'model__penalty': 'l2'}",0.7781345415148232,0.021985922612450158,0.7096338274576024,0.8270280390107976,0.789382448537378,0.7191968112402896,0.8508818593458092,888
203,0.1,l2,lbfgs,1,None,"{'model__C': 0.1, 'model__class_weight': None, 'model__max_iter': 1, 'model__solver': 'lbfgs', 'model__penalty': 'l2'}",0.7781345415148232,0.021985922612450158,0.7096338274576024,0.8270280390107976,0.8019501625135428,0.7288919986235082,0.8581405882228766,889
403,1.0,l2,lbfgs,1,None,"{'model__C': 1.0, 'model__class_weight': None, 'model__max_iter': 1, 'model__solver': 'lbfgs', 'model__penalty': 'l2'}",0.7781345415148232,0.021985922612450158,0.7096338274576024,0.8270280390107976,0.8019501625135428,0.7288919986235082,0.8584704938623433,890
603,10.0,l2,lbfgs,1,None,"{'model__C': 10.0, 'model__class_weight': None, 'model__max_iter': 1, 'model__solver': 'lbfgs', 'model__penalty': 'l2'}",0.7781345415148232,0.021985922612450158,0.7096338274576024,0.8270280390107976,0.8019501625135428,0.7357042744602553,0.8587839470989941,891
803,30.0,l2,lbfgs,1,None,"{'model__C': 30.0, 'model__class_weight': None, 'model__max_iter': 1, 'model__solver': 'lbfgs', 'model__penalty': 'l2'}",0.7781345415148232,0.021985922612450158,0.7096338274576024,0.8270280390107976,0.8019501625135428,0.7366068772542739,0.8588253617681516,892
305,0.1,l2,saga,1,balanced,"{'model__C': 0.1, 'model__class_weight': 'balanced', 'model__max_iter': 1, 'model__solver': 'saga', 'model__penalty': 'l2'}",0.7781049935979513,0.027534550818233486,0.7155896843988383,0.8514072279746261,0.8019501625135428,0.7288919986235082,0.8581405882228766,893
102,0.01,l2,liblinear,1,balanced,"{'model__C': 0.01, 'model__class_weight': 'balanced', 'model__max_iter': 1, 'model__solver': 'liblinear', 'model__penalty': 'l2'}",0.7780951442923275,0.029694945925671873,0.7244247270375925,0.8524753016053956,0.8019501625135428,0.7258116259187966,0.8524753016053956,894
304,0.1,l1,saga,1,balanced,"{'model__C': 0.1, 'model__class_weight': 'balanced', 'model__max_iter': 1, 'model__solver': 'saga', 'model__penalty': 'l1'}",0.7780951442923274,0.026513719724455594,0.7157257979291822,0.8510099690742324,0.8019501625135428,0.7288919986235082,0.8581405882228766,895
105,0.01,l2,saga,1,balanced,"{'model__C': 0.01, 'model__class_weight': 'balanced', 'model__max_iter': 1, 'model__solver': 'saga', 'model__penalty': 'l2'}",0.776696542893726,0.0263908206463898,0.7144233091541838,0.8501917951722027,0.8019501625135428,0.7258116259187966,0.8524753016053956,896
113,0.01,l2,lbfgs,11,balanced,"{'model__C': 0.01, 'model__class_weight': 'balanced', 'model__max_iter': 11, 'model__solver': 'lbfgs', 'model__penalty': 'l2'}",0.7752979414951247,0.026558345336062838,0.7167393525974752,0.8519595774885744,0.8019501625135428,0.7288919986235082,0.8524753016053956,897
118,0.01,l2,lbfgs,16,balanced,"{'model__C': 0.01, 'model__class_weight': 'balanced', 'model__max_iter': 16, 'model__solver': 'lbfgs', 'model__penalty': 'l2'}",0.7752979414951247,0.026558345336062838,0.7167393525974752,0.8519595774885744,0.8019501625135428,0.7288919986235082,0.8524753016053956,898
123,0.01,l2,lbfgs,21,balanced,"{'model__C': 0.01, 'model__class_weight': 'balanced', 'model__max_iter': 21, 'model__solver': 'lbfgs', 'model__penalty': 'l2'}",0.7752979414951247,0.026558345336062838,0.7167393525974752,0.8519595774885744,0.8019501625135428,0.7288919986235082,0.8524753016053956,899
128,0.01,l2,lbfgs,26,balanced,"{'model__C': 0.01, 'model__class_weight': 'balanced', 'model__max_iter': 26, 'model__solver': 'lbfgs', 'model__penalty': 'l2'}",0.7752979414951247,0.026558345336062838,0.7167393525974752,0.8519595774885744,0.8019501625135428,0.7288919986235082,0.8524753016053956,900
133,0.01,l2,lbfgs,31,balanced,"{'model__C': 0.01, 'model__class_weight': 'balanced', 'model__max_iter': 31, 'model__solver': 'lbfgs', 'model__penalty': 'l2'}",0.7752979414951247,0.026558345336062838,0.7167393525974752,0.8519595774885744,0.8019501625135428,0.7288919986235082,0.8524753016053956,901
138,0.01,l2,lbfgs,36,balanced,"{'model__C': 0.01, 'model__class_weight': 'balanced', 'model__max_iter': 36, 'model__solver': 'lbfgs', 'model__penalty': 'l2'}",0.7752979414951247,0.026558345336062838,0.7167393525974752,0.8519595774885744,0.8019501625135428,0.7288919986235082,0.8524753016053956,902
143,0.01,l2,lbfgs,41,balanced,"{'model__C': 0.01, 'model__class_weight': 'balanced', 'model__max_iter': 41, 'model__solver': 'lbfgs', 'model__penalty': 'l2'}",0.7752979414951247,0.026558345336062838,0.7167393525974752,0.8519595774885744,0.8019501625135428,0.7288919986235082,0.8524753016053956,903
148,0.01,l2,lbfgs,46,balanced,"{'model__C': 0.01, 'model__class_weight': 'balanced', 'model__max_iter': 46, 'model__solver': 'lbfgs', 'model__penalty': 'l2'}",0.7752979414951247,0.026558345336062838,0.7167393525974752,0.8519595774885744,0.8019501625135428,0.7288919986235082,0.8524753016053956,904
153,0.01,l2,lbfgs,51,balanced,"{'model__C': 0.01, 'model__class_weight': 'balanced', 'model__max_iter': 51, 'model__solver': 'lbfgs', 'model__penalty': 'l2'}",0.7752979414951247,0.026558345336062838,0.7167393525974752,0.8519595774885744,0.8019501625135428,0.7288919986235082,0.8524753016053956,905
158,0.01,l2,lbfgs,56,balanced,"{'model__C': 0.01, 'model__class_weight': 'balanced', 'model__max_iter': 56, 'model__solver': 'lbfgs', 'model__penalty': 'l2'}",0.7752979414951247,0.026558345336062838,0.7167393525974752,0.8519595774885744,0.8019501625135428,0.7288919986235082,0.8524753016053956,906
163,0.01,l2,lbfgs,61,balanced,"{'model__C': 0.01, 'model__class_weight': 'balanced', 'model__max_iter': 61, 'model__solver': 'lbfgs', 'model__penalty': 'l2'}",0.7752979414951247,0.026558345336062838,0.7167393525974752,0.8519595774885744,0.8019501625135428,0.7288919986235082,0.8524753016053956,907
168,0.01,l2,lbfgs,66,balanced,"{'model__C': 0.01, 'model__class_weight': 'balanced', 'model__max_iter': 66, 'model__solver': 'lbfgs', 'model__penalty': 'l2'}",0.7752979414951247,0.026558345336062838,0.7167393525974752,0.8519595774885744,0.8019501625135428,0.7288919986235082,0.8524753016053956,908
173,0.01,l2,lbfgs,71,balanced,"{'model__C': 0.01, 'model__class_weight': 'balanced', 'model__max_iter': 71, 'model__solver': 'lbfgs', 'model__penalty': 'l2'}",0.7752979414951247,0.026558345336062838,0.7167393525974752,0.8519595774885744,0.8019501625135428,0.7288919986235082,0.8524753016053956,909
178,0.01,l2,lbfgs,76,balanced,"{'model__C': 0.01, 'model__class_weight': 'balanced', 'model__max_iter': 76, 'model__solver': 'lbfgs', 'model__penalty': 'l2'}",0.7752979414951247,0.026558345336062838,0.7167393525974752,0.8519595774885744,0.8019501625135428,0.7288919986235082,0.8524753016053956,910
183,0.01,l2,lbfgs,81,balanced,"{'model__C': 0.01, 'model__class_weight': 'balanced', 'model__max_iter': 81, 'model__solver': 'lbfgs', 'model__penalty': 'l2'}",0.7752979414951247,0.026558345336062838,0.7167393525974752,0.8519595774885744,0.8019501625135428,0.7288919986235082,0.8524753016053956,911
188,0.01,l2,lbfgs,86,balanced,"{'model__C': 0.01, 'model__class_weight': 'balanced', 'model__max_iter': 86, 'model__solver': 'lbfgs', 'model__penalty': 'l2'}",0.7752979414951247,0.026558345336062838,0.7167393525974752,0.8519595774885744,0.8019501625135428,0.7288919986235082,0.8524753016053956,912
193,0.01,l2,lbfgs,91,balanced,"{'model__C': 0.01, 'model__class_weight': 'balanced', 'model__max_iter': 91, 'model__solver': 'lbfgs', 'model__penalty': 'l2'}",0.7752979414951247,0.026558345336062838,0.7167393525974752,0.8519595774885744,0.8019501625135428,0.7288919986235082,0.8524753016053956,913
198,0.01,l2,lbfgs,96,balanced,"{'model__C': 0.01, 'model__class_weight': 'balanced', 'model__max_iter': 96, 'model__solver': 'lbfgs', 'model__penalty': 'l2'}",0.7752979414951247,0.026558345336062838,0.7167393525974752,0.8519595774885744,0.8019501625135428,0.7288919986235082,0.8524753016053956,914
115,0.01,l2,saga,11,balanced,"{'model__C': 0.01, 'model__class_weight': 'balanced', 'model__max_iter': 11, 'model__solver': 'saga', 'model__penalty': 'l2'}",0.7752979414951247,0.026558345336062838,0.7167393525974752,0.8519389163315496,0.8019501625135428,0.7288919986235082,0.8524753016053956,915
110,0.01,l2,saga,6,balanced,"{'model__C': 0.01, 'model__class_weight': 'balanced', 'model__max_iter': 6, 'model__solver': 'saga', 'model__penalty': 'l2'}",0.7752979414951247,0.026558345336062838,0.7167393525974752,0.8519381379099247,0.8019501625135428,0.7288919986235082,0.8524753016053956,916
120,0.01,l2,saga,16,balanced,"{'model__C': 0.01, 'model__class_weight': 'balanced', 'model__max_iter': 16, 'model__solver': 'saga', 'model__penalty': 'l2'}",0.7752979414951247,0.026558345336062838,0.7167393525974752,0.8519182551745248,0.8019501625135428,0.7288919986235082,0.8524753016053956,917
125,0.01,l2,saga,21,balanced,"{'model__C': 0.01, 'model__class_weight': 'balanced', 'model__max_iter': 21, 'model__solver': 'saga', 'model__penalty': 'l2'}",0.7752979414951247,0.026558345336062838,0.7167393525974752,0.8519182551745248,0.8019501625135428,0.7288919986235082,0.8524753016053956,918
130,0.01,l2,saga,26,balanced,"{'model__C': 0.01, 'model__class_weight': 'balanced', 'model__max_iter': 26, 'model__solver': 'saga', 'model__penalty': 'l2'}",0.7752979414951247,0.026558345336062838,0.7167393525974752,0.8519182551745248,0.8019501625135428,0.7288919986235082,0.8524753016053956,919
135,0.01,l2,saga,31,balanced,"{'model__C': 0.01, 'model__class_weight': 'balanced', 'model__max_iter': 31, 'model__solver': 'saga', 'model__penalty': 'l2'}",0.7752979414951247,0.026558345336062838,0.7167393525974752,0.8519182551745248,0.8019501625135428,0.7288919986235082,0.8524753016053956,920
140,0.01,l2,saga,36,balanced,"{'model__C': 0.01, 'model__class_weight': 'balanced', 'model__max_iter': 36, 'model__solver': 'saga', 'model__penalty': 'l2'}",0.7752979414951247,0.026558345336062838,0.7167393525974752,0.8519182551745248,0.8019501625135428,0.7288919986235082,0.8524753016053956,921
145,0.01,l2,saga,41,balanced,"{'model__C': 0.01, 'model__class_weight': 'balanced', 'model__max_iter': 41, 'model__solver': 'saga', 'model__penalty': 'l2'}",0.7752979414951247,0.026558345336062838,0.7167393525974752,0.8519182551745248,0.8019501625135428,0.7288919986235082,0.8524753016053956,922
150,0.01,l2,saga,46,balanced,"{'model__C': 0.01, 'model__class_weight': 'balanced', 'model__max_iter': 46, 'model__solver': 'saga', 'model__penalty': 'l2'}",0.7752979414951247,0.026558345336062838,0.7167393525974752,0.8519182551745248,0.8019501625135428,0.7288919986235082,0.8524753016053956,923
155,0.01,l2,saga,51,balanced,"{'model__C': 0.01, 'model__class_weight': 'balanced', 'model__max_iter': 51, 'model__solver': 'saga', 'model__penalty': 'l2'}",0.7752979414951247,0.026558345336062838,0.7167393525974752,0.8519182551745248,0.8019501625135428,0.7288919986235082,0.8524753016053956,924
160,0.01,l2,saga,56,balanced,"{'model__C': 0.01, 'model__class_weight': 'balanced', 'model__max_iter': 56, 'model__solver': 'saga', 'model__penalty': 'l2'}",0.7752979414951247,0.026558345336062838,0.7167393525974752,0.8519182551745248,0.8019501625135428,0.7288919986235082,0.8524753016053956,925
165,0.01,l2,saga,61,balanced,"{'model__C': 0.01, 'model__class_weight': 'balanced', 'model__max_iter': 61, 'model__solver': 'saga', 'model__penalty': 'l2'}",0.7752979414951247,0.026558345336062838,0.7167393525974752,0.8519182551745248,0.8019501625135428,0.7288919986235082,0.8524753016053956,926
170,0.01,l2,saga,66,balanced,"{'model__C': 0.01, 'model__class_weight': 'balanced', 'model__max_iter': 66, 'model__solver': 'saga', 'model__penalty': 'l2'}",0.7752979414951247,0.026558345336062838,0.7167393525974752,0.8519182551745248,0.8019501625135428,0.7288919986235082,0.8524753016053956,927
175,0.01,l2,saga,71,balanced,"{'model__C': 0.01, 'model__class_weight': 'balanced', 'model__max_iter': 71, 'model__solver': 'saga', 'model__penalty': 'l2'}",0.7752979414951247,0.026558345336062838,0.7167393525974752,0.8519182551745248,0.8019501625135428,0.7288919986235082,0.8524753016053956,928
180,0.01,l2,saga,76,balanced,"{'model__C': 0.01, 'model__class_weight': 'balanced', 'model__max_iter': 76, 'model__solver': 'saga', 'model__penalty': 'l2'}",0.7752979414951247,0.026558345336062838,0.7167393525974752,0.8519182551745248,0.8019501625135428,0.7288919986235082,0.8524753016053956,929
185,0.01,l2,saga,81,balanced,"{'model__C': 0.01, 'model__class_weight': 'balanced', 'model__max_iter': 81, 'model__solver': 'saga', 'model__penalty': 'l2'}",0.7752979414951247,0.026558345336062838,0.7167393525974752,0.8519182551745248,0.8019501625135428,0.7288919986235082,0.8524753016053956,930
190,0.01,l2,saga,86,balanced,"{'model__C': 0.01, 'model__class_weight': 'balanced', 'model__max_iter': 86, 'model__solver': 'saga', 'model__penalty': 'l2'}",0.7752979414951247,0.026558345336062838,0.7167393525974752,0.8519182551745248,0.8019501625135428,0.7288919986235082,0.8524753016053956,931
195,0.01,l2,saga,91,balanced,"{'model__C': 0.01, 'model__class_weight': 'balanced', 'model__max_iter': 91, 'model__solver': 'saga', 'model__penalty': 'l2'}",0.7752979414951247,0.026558345336062838,0.7167393525974752,0.8519182551745248,0.8019501625135428,0.7288919986235082,0.8524753016053956,932
200,0.01,l2,saga,96,balanced,"{'model__C': 0.01, 'model__class_weight': 'balanced', 'model__max_iter': 96, 'model__solver': 'saga', 'model__penalty': 'l2'}",0.7752979414951247,0.026558345336062838,0.7167393525974752,0.8519182551745248,0.8019501625135428,0.7288919986235082,0.8524753016053956,933
108,0.01,l2,lbfgs,6,balanced,"{'model__C': 0.01, 'model__class_weight': 'balanced', 'model__max_iter': 6, 'model__solver': 'lbfgs', 'model__penalty': 'l2'}",0.7752979414951247,0.026558345336062838,0.7167393525974752,0.851897211403481,0.8019501625135428,0.7288919986235082,0.8524753016053956,934
501,1.0,l1,liblinear,1,balanced,"{'model__C': 1.0, 'model__class_weight': 'balanced', 'model__max_iter': 1, 'model__solver': 'liblinear', 'model__penalty': 'l1'}",0.7738993400965233,0.0323699703219683,0.7154271081061507,0.8458093605860064,0.8019501625135428,0.7294347376648261,0.8584704938623433,935
701,10.0,l1,liblinear,1,balanced,"{'model__C': 10.0, 'model__class_weight': 'balanced', 'model__max_iter': 1, 'model__solver': 'liblinear', 'model__penalty': 'l1'}",0.7738894907908992,0.03022391631916948,0.715338501906692,0.8460153124769112,0.8019501625135428,0.7357042744602553,0.8587839470989941,936
901,30.0,l1,liblinear,1,balanced,"{'model__C': 30.0, 'model__class_weight': 'balanced', 'model__max_iter': 1, 'model__solver': 'liblinear', 'model__penalty': 'l1'}",0.7724810400866738,0.02828886211527463,0.7131649263749423,0.8460571097600879,0.8019501625135428,0.7366068772542739,0.8588253617681516,937
309,0.1,l1,saga,6,balanced,"{'model__C': 0.1, 'model__class_weight': 'balanced', 'model__max_iter': 6, 'model__solver': 'saga', 'model__penalty': 'l1'}",0.7711021372993205,0.03140392058955546,0.7182457268716556,0.8503452233938127,0.8019501625135428,0.7288919986235082,0.8581405882228766,938
334,0.1,l1,saga,31,balanced,"{'model__C': 0.1, 'model__class_weight': 'balanced', 'model__max_iter': 31, 'model__solver': 'saga', 'model__penalty': 'l1'}",0.7697035359007189,0.03222401100612907,0.7170230756490044,0.8511580802803372,0.8019501625135428,0.7288919986235082,0.8581405882228766,939
339,0.1,l1,saga,36,balanced,"{'model__C': 0.1, 'model__class_weight': 'balanced', 'model__max_iter': 36, 'model__solver': 'saga', 'model__penalty': 'l1'}",0.7697035359007189,0.03222401100612907,0.7170230756490044,0.8511580802803372,0.8019501625135428,0.7288919986235082,0.8581405882228766,940
344,0.1,l1,saga,41,balanced,"{'model__C': 0.1, 'model__class_weight': 'balanced', 'model__max_iter': 41, 'model__solver': 'saga', 'model__penalty': 'l1'}",0.7697035359007189,0.03222401100612907,0.7170230756490044,0.8511580802803372,0.8019501625135428,0.7288919986235082,0.8581405882228766,941
349,0.1,l1,saga,46,balanced,"{'model__C': 0.1, 'model__class_weight': 'balanced', 'model__max_iter': 46, 'model__solver': 'saga', 'model__penalty': 'l1'}",0.7697035359007189,0.03222401100612907,0.7170230756490044,0.8511580802803372,0.8019501625135428,0.7288919986235082,0.8581405882228766,942
354,0.1,l1,saga,51,balanced,"{'model__C': 0.1, 'model__class_weight': 'balanced', 'model__max_iter': 51, 'model__solver': 'saga', 'model__penalty': 'l1'}",0.7697035359007189,0.03222401100612907,0.7170230756490044,0.8511580802803372,0.8019501625135428,0.7288919986235082,0.8581405882228766,943
359,0.1,l1,saga,56,balanced,"{'model__C': 0.1, 'model__class_weight': 'balanced', 'model__max_iter': 56, 'model__solver': 'saga', 'model__penalty': 'l1'}",0.7697035359007189,0.03222401100612907,0.7170230756490044,0.8511580802803372,0.8019501625135428,0.7288919986235082,0.8581405882228766,944
364,0.1,l1,saga,61,balanced,"{'model__C': 0.1, 'model__class_weight': 'balanced', 'model__max_iter': 61, 'model__solver': 'saga', 'model__penalty': 'l1'}",0.7697035359007189,0.03222401100612907,0.7170230756490044,0.8511580802803372,0.8019501625135428,0.7288919986235082,0.8581405882228766,945
369,0.1,l1,saga,66,balanced,"{'model__C': 0.1, 'model__class_weight': 'balanced', 'model__max_iter': 66, 'model__solver': 'saga', 'model__penalty': 'l1'}",0.7697035359007189,0.03222401100612907,0.7170230756490044,0.8511580802803372,0.8019501625135428,0.7288919986235082,0.8581405882228766,946
374,0.1,l1,saga,71,balanced,"{'model__C': 0.1, 'model__class_weight': 'balanced', 'model__max_iter': 71, 'model__solver': 'saga', 'model__penalty': 'l1'}",0.7697035359007189,0.03222401100612907,0.7170230756490044,0.8511580802803372,0.8019501625135428,0.7288919986235082,0.8581405882228766,947
379,0.1,l1,saga,76,balanced,"{'model__C': 0.1, 'model__class_weight': 'balanced', 'model__max_iter': 76, 'model__solver': 'saga', 'model__penalty': 'l1'}",0.7697035359007189,0.03222401100612907,0.7170230756490044,0.8511580802803372,0.8019501625135428,0.7288919986235082,0.8581405882228766,948
384,0.1,l1,saga,81,balanced,"{'model__C': 0.1, 'model__class_weight': 'balanced', 'model__max_iter': 81, 'model__solver': 'saga', 'model__penalty': 'l1'}",0.7697035359007189,0.03222401100612907,0.7170230756490044,0.8511580802803372,0.8019501625135428,0.7288919986235082,0.8581405882228766,949
389,0.1,l1,saga,86,balanced,"{'model__C': 0.1, 'model__class_weight': 'balanced', 'model__max_iter': 86, 'model__solver': 'saga', 'model__penalty': 'l1'}",0.7697035359007189,0.03222401100612907,0.7170230756490044,0.8511580802803372,0.8019501625135428,0.7288919986235082,0.8581405882228766,950
394,0.1,l1,saga,91,balanced,"{'model__C': 0.1, 'model__class_weight': 'balanced', 'model__max_iter': 91, 'model__solver': 'saga', 'model__penalty': 'l1'}",0.7697035359007189,0.03222401100612907,0.7170230756490044,0.8511580802803372,0.8019501625135428,0.7288919986235082,0.8581405882228766,951
399,0.1,l1,saga,96,balanced,"{'model__C': 0.1, 'model__class_weight': 'balanced', 'model__max_iter': 96, 'model__solver': 'saga', 'model__penalty': 'l1'}",0.7697035359007189,0.03222401100612907,0.7170230756490044,0.8511580802803372,0.8019501625135428,0.7288919986235082,0.8581405882228766,952
319,0.1,l1,saga,16,balanced,"{'model__C': 0.1, 'model__class_weight': 'balanced', 'model__max_iter': 16, 'model__solver': 'saga', 'model__penalty': 'l1'}",0.7697035359007189,0.03222401100612907,0.7170230756490044,0.8510960968092629,0.8019501625135428,0.7288919986235082,0.8581405882228766,953
324,0.1,l1,saga,21,balanced,"{'model__C': 0.1, 'model__class_weight': 'balanced', 'model__max_iter': 21, 'model__solver': 'saga', 'model__penalty': 'l1'}",0.7697035359007189,0.03222401100612907,0.7170230756490044,0.8510348785662265,0.8019501625135428,0.7288919986235082,0.8581405882228766,954
314,0.1,l1,saga,11,balanced,"{'model__C': 0.1, 'model__class_weight': 'balanced', 'model__max_iter': 11, 'model__solver': 'saga', 'model__penalty': 'l1'}",0.7697035359007189,0.03222401100612907,0.7170230756490044,0.8509732777091712,0.8019501625135428,0.7288919986235082,0.8581405882228766,955
329,0.1,l1,saga,26,balanced,"{'model__C': 0.1, 'model__class_weight': 'balanced', 'model__max_iter': 26, 'model__solver': 'saga', 'model__penalty': 'l1'}",0.7697035359007189,0.03222401100612907,0.7170230756490044,0.8509721298671142,0.8019501625135428,0.7288919986235082,0.8581405882228766,956
316,0.1,l1,liblinear,16,balanced,"{'model__C': 0.1, 'model__class_weight': 'balanced', 'model__max_iter': 16, 'model__solver': 'liblinear', 'model__penalty': 'l1'}",0.7696936865950951,0.03794547222336235,0.7201365823647851,0.850886714585774,0.8019501625135428,0.7288919986235082,0.8581405882228766,957
321,0.1,l1,liblinear,21,balanced,"{'model__C': 0.1, 'model__class_weight': 'balanced', 'model__max_iter': 21, 'model__solver': 'liblinear', 'model__penalty': 'l1'}",0.7696936865950951,0.03794547222336235,0.7201365823647851,0.850886714585774,0.8019501625135428,0.7288919986235082,0.8581405882228766,958
326,0.1,l1,liblinear,26,balanced,"{'model__C': 0.1, 'model__class_weight': 'balanced', 'model__max_iter': 26, 'model__solver': 'liblinear', 'model__penalty': 'l1'}",0.7696936865950951,0.03794547222336235,0.7201365823647851,0.850886714585774,0.8019501625135428,0.7288919986235082,0.8581405882228766,959
331,0.1,l1,liblinear,31,balanced,"{'model__C': 0.1, 'model__class_weight': 'balanced', 'model__max_iter': 31, 'model__solver': 'liblinear', 'model__penalty': 'l1'}",0.7696936865950951,0.03794547222336235,0.7201365823647851,0.850886714585774,0.8019501625135428,0.7288919986235082,0.8581405882228766,960
336,0.1,l1,liblinear,36,balanced,"{'model__C': 0.1, 'model__class_weight': 'balanced', 'model__max_iter': 36, 'model__solver': 'liblinear', 'model__penalty': 'l1'}",0.7696936865950951,0.03794547222336235,0.7201365823647851,0.850886714585774,0.8019501625135428,0.7288919986235082,0.8581405882228766,961
341,0.1,l1,liblinear,41,balanced,"{'model__C': 0.1, 'model__class_weight': 'balanced', 'model__max_iter': 41, 'model__solver': 'liblinear', 'model__penalty': 'l1'}",0.7696936865950951,0.03794547222336235,0.7201365823647851,0.850886714585774,0.8019501625135428,0.7288919986235082,0.8581405882228766,962
346,0.1,l1,liblinear,46,balanced,"{'model__C': 0.1, 'model__class_weight': 'balanced', 'model__max_iter': 46, 'model__solver': 'liblinear', 'model__penalty': 'l1'}",0.7696936865950951,0.03794547222336235,0.7201365823647851,0.850886714585774,0.8019501625135428,0.7288919986235082,0.8581405882228766,963
351,0.1,l1,liblinear,51,balanced,"{'model__C': 0.1, 'model__class_weight': 'balanced', 'model__max_iter': 51, 'model__solver': 'liblinear', 'model__penalty': 'l1'}",0.7696936865950951,0.03794547222336235,0.7201365823647851,0.850886714585774,0.8019501625135428,0.7288919986235082,0.8581405882228766,964
356,0.1,l1,liblinear,56,balanced,"{'model__C': 0.1, 'model__class_weight': 'balanced', 'model__max_iter': 56, 'model__solver': 'liblinear', 'model__penalty': 'l1'}",0.7696936865950951,0.03794547222336235,0.7201365823647851,0.850886714585774,0.8019501625135428,0.7288919986235082,0.8581405882228766,965
361,0.1,l1,liblinear,61,balanced,"{'model__C': 0.1, 'model__class_weight': 'balanced', 'model__max_iter': 61, 'model__solver': 'liblinear', 'model__penalty': 'l1'}",0.7696936865950951,0.03794547222336235,0.7201365823647851,0.850886714585774,0.8019501625135428,0.7288919986235082,0.8581405882228766,966
366,0.1,l1,liblinear,66,balanced,"{'model__C': 0.1, 'model__class_weight': 'balanced', 'model__max_iter': 66, 'model__solver': 'liblinear', 'model__penalty': 'l1'}",0.7696936865950951,0.03794547222336235,0.7201365823647851,0.850886714585774,0.8019501625135428,0.7288919986235082,0.8581405882228766,967
371,0.1,l1,liblinear,71,balanced,"{'model__C': 0.1, 'model__class_weight': 'balanced', 'model__max_iter': 71, 'model__solver': 'liblinear', 'model__penalty': 'l1'}",0.7696936865950951,0.03794547222336235,0.7201365823647851,0.850886714585774,0.8019501625135428,0.7288919986235082,0.8581405882228766,968
376,0.1,l1,liblinear,76,balanced,"{'model__C': 0.1, 'model__class_weight': 'balanced', 'model__max_iter': 76, 'model__solver': 'liblinear', 'model__penalty': 'l1'}",0.7696936865950951,0.03794547222336235,0.7201365823647851,0.850886714585774,0.8019501625135428,0.7288919986235082,0.8581405882228766,969
381,0.1,l1,liblinear,81,balanced,"{'model__C': 0.1, 'model__class_weight': 'balanced', 'model__max_iter': 81, 'model__solver': 'liblinear', 'model__penalty': 'l1'}",0.7696936865950951,0.03794547222336235,0.7201365823647851,0.850886714585774,0.8019501625135428,0.7288919986235082,0.8581405882228766,970
386,0.1,l1,liblinear,86,balanced,"{'model__C': 0.1, 'model__class_weight': 'balanced', 'model__max_iter': 86, 'model__solver': 'liblinear', 'model__penalty': 'l1'}",0.7696936865950951,0.03794547222336235,0.7201365823647851,0.850886714585774,0.8019501625135428,0.7288919986235082,0.8581405882228766,971
391,0.1,l1,liblinear,91,balanced,"{'model__C': 0.1, 'model__class_weight': 'balanced', 'model__max_iter': 91, 'model__solver': 'liblinear', 'model__penalty': 'l1'}",0.7696936865950951,0.03794547222336235,0.7201365823647851,0.850886714585774,0.8019501625135428,0.7288919986235082,0.8581405882228766,972
396,0.1,l1,liblinear,96,balanced,"{'model__C': 0.1, 'model__class_weight': 'balanced', 'model__max_iter': 96, 'model__solver': 'liblinear', 'model__penalty': 'l1'}",0.7696936865950951,0.03794547222336235,0.7201365823647851,0.850886714585774,0.8019501625135428,0.7288919986235082,0.8581405882228766,973
311,0.1,l1,liblinear,11,balanced,"{'model__C': 0.1, 'model__class_weight': 'balanced', 'model__max_iter': 11, 'model__solver': 'liblinear', 'model__penalty': 'l1'}",0.7696936865950951,0.03794547222336235,0.7201365823647851,0.8508656708147303,0.8019501625135428,0.7288919986235082,0.8581405882228766,974
306,0.1,l1,liblinear,6,balanced,"{'model__C': 0.1, 'model__class_weight': 'balanced', 'model__max_iter': 6, 'model__solver': 'liblinear', 'model__penalty': 'l1'}",0.7696936865950951,0.03794547222336235,0.7201365823647851,0.8505334694911497,0.8019501625135428,0.7288919986235082,0.8581405882228766,975
301,0.1,l1,liblinear,1,balanced,"{'model__C': 0.1, 'model__class_weight': 'balanced', 'model__max_iter': 1, 'model__solver': 'liblinear', 'model__penalty': 'l1'}",0.7668767851866444,0.03800316508783541,0.7169506614769908,0.8431810133730195,0.8019501625135428,0.7288919986235082,0.8581405882228766,976
9,0.01,l1,saga,6,None,"{'model__C': 0.01, 'model__class_weight': None, 'model__max_iter': 6, 'model__solver': 'saga', 'model__penalty': 'l1'}",0.7471289274106174,0.06861928172344008,0.5627966757813623,0.7703622431208639,0.8019501625135428,0.7258116259187966,0.8517733500100271,977
14,0.01,l1,saga,11,None,"{'model__C': 0.01, 'model__class_weight': None, 'model__max_iter': 11, 'model__solver': 'saga', 'model__penalty': 'l1'}",0.7471289274106174,0.06861928172344008,0.5627966757813623,0.7703622431208639,0.8019501625135428,0.7258116259187966,0.8521068838858806,978
19,0.01,l1,saga,16,None,"{'model__C': 0.01, 'model__class_weight': None, 'model__max_iter': 16, 'model__solver': 'saga', 'model__penalty': 'l1'}",0.7471289274106174,0.06861928172344008,0.5627966757813623,0.7703622431208639,0.8019501625135428,0.7258116259187966,0.8521068838858806,979
24,0.01,l1,saga,21,None,"{'model__C': 0.01, 'model__class_weight': None, 'model__max_iter': 21, 'model__solver': 'saga', 'model__penalty': 'l1'}",0.7471289274106174,0.06861928172344008,0.5627966757813623,0.7703622431208639,0.8019501625135428,0.7258116259187966,0.8521068838858806,980
29,0.01,l1,saga,26,None,"{'model__C': 0.01, 'model__class_weight': None, 'model__max_iter': 26, 'model__solver': 'saga', 'model__penalty': 'l1'}",0.7471289274106174,0.06861928172344008,0.5627966757813623,0.7703622431208639,0.8019501625135428,0.7258116259187966,0.8521068838858806,981
34,0.01,l1,saga,31,None,"{'model__C': 0.01, 'model__class_weight': None, 'model__max_iter': 31, 'model__solver': 'saga', 'model__penalty': 'l1'}",0.7471289274106174,0.06861928172344008,0.5627966757813623,0.7703622431208639,0.8019501625135428,0.7258116259187966,0.8521068838858806,982
39,0.01,l1,saga,36,None,"{'model__C': 0.01, 'model__class_weight': None, 'model__max_iter': 36, 'model__solver': 'saga', 'model__penalty': 'l1'}",0.7471289274106174,0.06861928172344008,0.5627966757813623,0.7703622431208639,0.8019501625135428,0.7258116259187966,0.8521068838858806,983
44,0.01,l1,saga,41,None,"{'model__C': 0.01, 'model__class_weight': None, 'model__max_iter': 41, 'model__solver': 'saga', 'model__penalty': 'l1'}",0.7471289274106174,0.06861928172344008,0.5627966757813623,0.7703622431208639,0.8019501625135428,0.7258116259187966,0.8521068838858806,984
49,0.01,l1,saga,46,None,"{'model__C': 0.01, 'model__class_weight': None, 'model__max_iter': 46, 'model__solver': 'saga', 'model__penalty': 'l1'}",0.7471289274106174,0.06861928172344008,0.5627966757813623,0.7703622431208639,0.8019501625135428,0.7258116259187966,0.8521068838858806,985
54,0.01,l1,saga,51,None,"{'model__C': 0.01, 'model__class_weight': None, 'model__max_iter': 51, 'model__solver': 'saga', 'model__penalty': 'l1'}",0.7471289274106174,0.06861928172344008,0.5627966757813623,0.7703622431208639,0.8019501625135428,0.7258116259187966,0.8521068838858806,986
59,0.01,l1,saga,56,None,"{'model__C': 0.01, 'model__class_weight': None, 'model__max_iter': 56, 'model__solver': 'saga', 'model__penalty': 'l1'}",0.7471289274106174,0.06861928172344008,0.5627966757813623,0.7703622431208639,0.8019501625135428,0.7258116259187966,0.8521068838858806,987
64,0.01,l1,saga,61,None,"{'model__C': 0.01, 'model__class_weight': None, 'model__max_iter': 61, 'model__solver': 'saga', 'model__penalty': 'l1'}",0.7471289274106174,0.06861928172344008,0.5627966757813623,0.7703622431208639,0.8019501625135428,0.7258116259187966,0.8521068838858806,988
69,0.01,l1,saga,66,None,"{'model__C': 0.01, 'model__class_weight': None, 'model__max_iter': 66, 'model__solver': 'saga', 'model__penalty': 'l1'}",0.7471289274106174,0.06861928172344008,0.5627966757813623,0.7703622431208639,0.8019501625135428,0.7258116259187966,0.8521068838858806,989
74,0.01,l1,saga,71,None,"{'model__C': 0.01, 'model__class_weight': None, 'model__max_iter': 71, 'model__solver': 'saga', 'model__penalty': 'l1'}",0.7471289274106174,0.06861928172344008,0.5627966757813623,0.7703622431208639,0.8019501625135428,0.7258116259187966,0.8521068838858806,990
79,0.01,l1,saga,76,None,"{'model__C': 0.01, 'model__class_weight': None, 'model__max_iter': 76, 'model__solver': 'saga', 'model__penalty': 'l1'}",0.7471289274106174,0.06861928172344008,0.5627966757813623,0.7703622431208639,0.8019501625135428,0.7258116259187966,0.8521068838858806,991
84,0.01,l1,saga,81,None,"{'model__C': 0.01, 'model__class_weight': None, 'model__max_iter': 81, 'model__solver': 'saga', 'model__penalty': 'l1'}",0.7471289274106174,0.06861928172344008,0.5627966757813623,0.7703622431208639,0.8019501625135428,0.7258116259187966,0.8521068838858806,992
89,0.01,l1,saga,86,None,"{'model__C': 0.01, 'model__class_weight': None, 'model__max_iter': 86, 'model__solver': 'saga', 'model__penalty': 'l1'}",0.7471289274106174,0.06861928172344008,0.5627966757813623,0.7703622431208639,0.8019501625135428,0.7258116259187966,0.8521068838858806,993
94,0.01,l1,saga,91,None,"{'model__C': 0.01, 'model__class_weight': None, 'model__max_iter': 91, 'model__solver': 'saga', 'model__penalty': 'l1'}",0.7471289274106174,0.06861928172344008,0.5627966757813623,0.7703622431208639,0.8019501625135428,0.7258116259187966,0.8521068838858806,994
99,0.01,l1,saga,96,None,"{'model__C': 0.01, 'model__class_weight': None, 'model__max_iter': 96, 'model__solver': 'saga', 'model__penalty': 'l1'}",0.7471289274106174,0.06861928172344008,0.5627966757813623,0.7703622431208639,0.8019501625135428,0.7258116259187966,0.8521068838858806,995
103,0.01,l2,lbfgs,1,balanced,"{'model__C': 0.01, 'model__class_weight': 'balanced', 'model__max_iter': 1, 'model__solver': 'lbfgs', 'model__penalty': 'l2'}",0.7458189697626316,0.03188911919308127,0.6961210007891929,0.826986716696748,0.8019501625135428,0.7258116259187966,0.8524753016053956,996
303,0.1,l2,lbfgs,1,balanced,"{'model__C': 0.1, 'model__class_weight': 'balanced', 'model__max_iter': 1, 'model__solver': 'lbfgs', 'model__penalty': 'l2'}",0.7458189697626316,0.03188911919308127,0.6961210007891929,0.826986716696748,0.8019501625135428,0.7288919986235082,0.8581405882228766,997
503,1.0,l2,lbfgs,1,balanced,"{'model__C': 1.0, 'model__class_weight': 'balanced', 'model__max_iter': 1, 'model__solver': 'lbfgs', 'model__penalty': 'l2'}",0.7458189697626316,0.03188911919308127,0.6961210007891929,0.826986716696748,0.8019501625135428,0.7294347376648261,0.8584704938623433,998
703,10.0,l2,lbfgs,1,balanced,"{'model__C': 10.0, 'model__class_weight': 'balanced', 'model__max_iter': 1, 'model__solver': 'lbfgs', 'model__penalty': 'l2'}",0.7458189697626316,0.03188911919308127,0.6961210007891929,0.826986716696748,0.8019501625135428,0.7357042744602553,0.8587839470989941,999
903,30.0,l2,lbfgs,1,balanced,"{'model__C': 30.0, 'model__class_weight': 'balanced', 'model__max_iter': 1, 'model__solver': 'lbfgs', 'model__penalty': 'l2'}",0.7458189697626316,0.03188911919308127,0.6961210007891929,0.826986716696748,0.8019501625135428,0.7366068772542739,0.8588253617681516,1000
